reference_aa,residue_number,alternative_aa,pathogenicity_score
M,1,A,0.4551
M,1,C,0.4132
M,1,D,0.9017
M,1,E,0.7456
M,1,F,0.326
M,1,G,0.709
M,1,H,0.7799
M,1,I,0.5085
M,1,K,0.597
M,1,L,0.19
M,1,N,0.7553
M,1,P,0.7797
M,1,Q,0.4928
M,1,R,0.5758
M,1,S,0.6117
M,1,T,0.5602
M,1,V,0.1243
M,1,W,0.6753
M,1,Y,0.6714
V,2,A,0.1995
V,2,C,0.6866
V,2,D,0.396
V,2,E,0.3175
V,2,F,0.2301
V,2,G,0.2143
V,2,H,0.7075
V,2,I,0.1662
V,2,K,0.4563
V,2,L,0.3146
V,2,M,0.3837
V,2,N,0.4278
V,2,P,0.3472
V,2,Q,0.4191
V,2,R,0.3942
V,2,S,0.3129
V,2,T,0.2661
V,2,W,0.8211
V,2,Y,0.6078
A,3,C,0.5561
A,3,D,0.4518
A,3,E,0.3376
A,3,F,0.5564
A,3,G,0.2063
A,3,H,0.635
A,3,I,0.6043
A,3,K,0.542
A,3,L,0.3697
A,3,M,0.5844
A,3,N,0.4438
A,3,P,0.334
A,3,Q,0.4232
A,3,R,0.4467
A,3,S,0.1519
A,3,T,0.205
A,3,V,0.3526
A,3,W,0.8317
A,3,Y,0.6713
E,4,A,0.2559
E,4,C,0.8512
E,4,D,0.2043
E,4,F,0.8844
E,4,G,0.184
E,4,H,0.6714
E,4,I,0.715
E,4,K,0.3272
E,4,L,0.6667
E,4,M,0.7829
E,4,N,0.4638
E,4,P,0.5204
E,4,Q,0.2182
E,4,R,0.3789
E,4,S,0.3207
E,4,T,0.4338
E,4,V,0.4864
E,4,W,0.9361
E,4,Y,0.8033
K,5,A,0.3852
K,5,C,0.7658
K,5,D,0.4326
K,5,E,0.1749
K,5,F,0.8589
K,5,G,0.3469
K,5,H,0.4888
K,5,I,0.5515
K,5,L,0.5182
K,5,M,0.3974
K,5,N,0.3892
K,5,P,0.5408
K,5,Q,0.1993
K,5,R,0.1071
K,5,S,0.4856
K,5,T,0.2375
K,5,V,0.4739
K,5,W,0.8642
K,5,Y,0.7355
E,6,A,0.2551
E,6,C,0.7942
E,6,D,0.1157
E,6,F,0.814
E,6,G,0.1727
E,6,H,0.5564
E,6,I,0.5699
E,6,K,0.353
E,6,L,0.5727
E,6,M,0.6765
E,6,N,0.3004
E,6,P,0.4526
E,6,Q,0.2366
E,6,R,0.4319
E,6,S,0.3122
E,6,T,0.3464
E,6,V,0.3584
E,6,W,0.9042
E,6,Y,0.6634
T,7,A,0.0915
T,7,C,0.3116
T,7,D,0.2624
T,7,E,0.2383
T,7,F,0.2349
T,7,G,0.1852
T,7,H,0.2192
T,7,I,0.1806
T,7,K,0.2053
T,7,L,0.1478
T,7,M,0.1283
T,7,N,0.1
T,7,P,0.1106
T,7,Q,0.2155
T,7,R,0.1984
T,7,S,0.1169
T,7,V,0.1613
T,7,W,0.5513
T,7,Y,0.251
L,8,A,0.1125
L,8,C,0.266
L,8,D,0.3454
L,8,E,0.2085
L,8,F,0.0944
L,8,G,0.223
L,8,H,0.1475
L,8,I,0.0813
L,8,K,0.1682
L,8,M,0.1135
L,8,N,0.2007
L,8,P,0.1119
L,8,Q,0.1067
L,8,R,0.1306
L,8,S,0.1333
L,8,T,0.1231
L,8,V,0.0731
L,8,W,0.1665
L,8,Y,0.2289
S,9,A,0.0819
S,9,C,0.0815
S,9,D,0.2905
S,9,E,0.3588
S,9,F,0.1671
S,9,G,0.09
S,9,H,0.2273
S,9,I,0.1313
S,9,K,0.4724
S,9,L,0.1085
S,9,M,0.2068
S,9,N,0.12
S,9,P,0.0965
S,9,Q,0.3263
S,9,R,0.4271
S,9,T,0.0816
S,9,V,0.1376
S,9,W,0.266
S,9,Y,0.1634
L,10,A,0.129
L,10,C,0.2421
L,10,D,0.3534
L,10,E,0.1887
L,10,F,0.0922
L,10,G,0.2237
L,10,H,0.1364
L,10,I,0.0811
L,10,K,0.1493
L,10,M,0.1038
L,10,N,0.2001
L,10,P,0.1132
L,10,Q,0.0917
L,10,R,0.1153
L,10,S,0.139
L,10,T,0.1288
L,10,V,0.0773
L,10,W,0.1342
L,10,Y,0.2192
N,11,A,0.1063
N,11,C,0.1179
N,11,D,0.1126
N,11,E,0.1937
N,11,F,0.3319
N,11,G,0.1202
N,11,H,0.0776
N,11,I,0.1534
N,11,K,0.1678
N,11,L,0.1315
N,11,M,0.2363
N,11,P,0.114
N,11,Q,0.1469
N,11,R,0.1693
N,11,S,0.064
N,11,T,0.0807
N,11,V,0.1374
N,11,W,0.431
N,11,Y,0.1117
K,12,A,0.2263
K,12,C,0.4209
K,12,D,0.3658
K,12,E,0.1892
K,12,F,0.5696
K,12,G,0.2571
K,12,H,0.2183
K,12,I,0.2578
K,12,L,0.2685
K,12,M,0.2713
K,12,N,0.3117
K,12,P,0.2941
K,12,Q,0.1234
K,12,R,0.0743
K,12,S,0.2832
K,12,T,0.1416
K,12,V,0.2385
K,12,W,0.6343
K,12,Y,0.4448
C,13,A,0.1631
C,13,D,0.2208
C,13,E,0.3083
C,13,F,0.0936
C,13,G,0.0896
C,13,H,0.1837
C,13,I,0.1863
C,13,K,0.2956
C,13,L,0.1958
C,13,M,0.3108
C,13,N,0.1648
C,13,P,0.2538
C,13,Q,0.2198
C,13,R,0.1671
C,13,S,0.1215
C,13,T,0.1782
C,13,V,0.1725
C,13,W,0.245
C,13,Y,0.1063
P,14,A,0.063
P,14,C,0.2183
P,14,D,0.2476
P,14,E,0.1606
P,14,F,0.2773
P,14,G,0.1571
P,14,H,0.1061
P,14,I,0.1609
P,14,K,0.1558
P,14,L,0.0998
P,14,M,0.2039
P,14,N,0.1891
P,14,Q,0.0917
P,14,R,0.105
P,14,S,0.0846
P,14,T,0.0667
P,14,V,0.1153
P,14,W,0.368
P,14,Y,0.2669
D,15,A,0.0898
D,15,C,0.2718
D,15,E,0.0822
D,15,F,0.3448
D,15,G,0.0873
D,15,H,0.1568
D,15,I,0.2031
D,15,K,0.1957
D,15,L,0.1839
D,15,M,0.3691
D,15,N,0.0938
D,15,P,0.2129
D,15,Q,0.1433
D,15,R,0.1991
D,15,S,0.0904
D,15,T,0.1408
D,15,V,0.1223
D,15,W,0.6042
D,15,Y,0.1484
K,16,A,0.1953
K,16,C,0.4454
K,16,D,0.3178
K,16,E,0.1495
K,16,F,0.5474
K,16,G,0.2382
K,16,H,0.2355
K,16,I,0.2282
K,16,L,0.2452
K,16,M,0.2242
K,16,N,0.2729
K,16,P,0.3073
K,16,Q,0.1194
K,16,R,0.0734
K,16,S,0.2598
K,16,T,0.1283
K,16,V,0.2086
K,16,W,0.6226
K,16,Y,0.4534
M,17,A,0.1606
M,17,C,0.3461
M,17,D,0.4017
M,17,E,0.2396
M,17,F,0.168
M,17,G,0.2625
M,17,H,0.1983
M,17,I,0.1218
M,17,K,0.1113
M,17,L,0.075
M,17,N,0.1929
M,17,P,0.1712
M,17,Q,0.1241
M,17,R,0.1282
M,17,S,0.1803
M,17,T,0.1257
M,17,V,0.0735
M,17,W,0.3296
M,17,Y,0.2567
P,18,A,0.0729
P,18,C,0.2891
P,18,D,0.3096
P,18,E,0.173
P,18,F,0.3512
P,18,G,0.1773
P,18,H,0.1363
P,18,I,0.2086
P,18,K,0.1798
P,18,L,0.1115
P,18,M,0.2324
P,18,N,0.2156
P,18,Q,0.095
P,18,R,0.1332
P,18,S,0.1129
P,18,T,0.087
P,18,V,0.1383
P,18,W,0.4286
P,18,Y,0.3022
K,19,A,0.1752
K,19,C,0.4471
K,19,D,0.3856
K,19,E,0.1398
K,19,F,0.5766
K,19,G,0.2117
K,19,H,0.2656
K,19,I,0.2672
K,19,L,0.2307
K,19,M,0.236
K,19,N,0.3185
K,19,P,0.225
K,19,Q,0.1012
K,19,R,0.0676
K,19,S,0.2451
K,19,T,0.1405
K,19,V,0.2119
K,19,W,0.6342
K,19,Y,0.4917
R,20,A,0.2362
R,20,C,0.2195
R,20,D,0.3364
R,20,E,0.2025
R,20,F,0.4672
R,20,G,0.1363
R,20,H,0.1457
R,20,I,0.2129
R,20,K,0.0813
R,20,L,0.2024
R,20,M,0.2534
R,20,N,0.3467
R,20,P,0.1912
R,20,Q,0.1117
R,20,S,0.3377
R,20,T,0.1864
R,20,V,0.2461
R,20,W,0.2601
R,20,Y,0.3621
T,21,A,0.0726
T,21,C,0.247
T,21,D,0.2236
T,21,E,0.1573
T,21,F,0.2467
T,21,G,0.1301
T,21,H,0.1635
T,21,I,0.186
T,21,K,0.1372
T,21,L,0.1181
T,21,M,0.1182
T,21,N,0.0882
T,21,P,0.0648
T,21,Q,0.1219
T,21,R,0.127
T,21,S,0.084
T,21,V,0.1468
T,21,W,0.4003
T,21,Y,0.2258
K,22,A,0.1837
K,22,C,0.4722
K,22,D,0.3545
K,22,E,0.1677
K,22,F,0.5818
K,22,G,0.2443
K,22,H,0.2235
K,22,I,0.2648
K,22,L,0.2435
K,22,M,0.2336
K,22,N,0.2981
K,22,P,0.2198
K,22,Q,0.1119
K,22,R,0.0736
K,22,S,0.2557
K,22,T,0.1283
K,22,V,0.2176
K,22,W,0.6668
K,22,Y,0.4803
L,23,A,0.1197
L,23,C,0.235
L,23,D,0.3047
L,23,E,0.1903
L,23,F,0.0858
L,23,G,0.2059
L,23,H,0.1174
L,23,I,0.0743
L,23,K,0.1535
L,23,M,0.0963
L,23,N,0.158
L,23,P,0.0877
L,23,Q,0.0907
L,23,R,0.1161
L,23,S,0.1356
L,23,T,0.1218
L,23,V,0.0727
L,23,W,0.1452
L,23,Y,0.1722
L,24,A,0.0837
L,24,C,0.2508
L,24,D,0.2929
L,24,E,0.1614
L,24,F,0.0919
L,24,G,0.1921
L,24,H,0.1035
L,24,I,0.0827
L,24,K,0.1383
L,24,M,0.1005
L,24,N,0.174
L,24,P,0.0654
L,24,Q,0.0722
L,24,R,0.1029
L,24,S,0.0996
L,24,T,0.0906
L,24,V,0.072
L,24,W,0.1395
L,24,Y,0.2111
A,25,C,0.2466
A,25,D,0.182
A,25,E,0.1643
A,25,F,0.2278
A,25,G,0.1012
A,25,H,0.234
A,25,I,0.1807
A,25,K,0.2688
A,25,L,0.1148
A,25,M,0.2083
A,25,N,0.1642
A,25,P,0.0745
A,25,Q,0.1647
A,25,R,0.2409
A,25,S,0.0808
A,25,T,0.0829
A,25,V,0.1033
A,25,W,0.4844
A,25,Y,0.2902
Q,26,A,0.1337
Q,26,C,0.4322
Q,26,D,0.2212
Q,26,E,0.0846
Q,26,F,0.5289
Q,26,G,0.1606
Q,26,H,0.1647
Q,26,I,0.3088
Q,26,K,0.0972
Q,26,L,0.133
Q,26,M,0.3331
Q,26,N,0.2068
Q,26,P,0.0701
Q,26,R,0.1014
Q,26,S,0.1459
Q,26,T,0.1532
Q,26,V,0.1893
Q,26,W,0.4486
Q,26,Y,0.3693
Q,27,A,0.1468
Q,27,C,0.4463
Q,27,D,0.2249
Q,27,E,0.0836
Q,27,F,0.5163
Q,27,G,0.1798
Q,27,H,0.155
Q,27,I,0.2651
Q,27,K,0.0902
Q,27,L,0.1242
Q,27,M,0.2948
Q,27,N,0.1867
Q,27,P,0.0776
Q,27,R,0.1166
Q,27,S,0.1496
Q,27,T,0.1408
Q,27,V,0.1741
Q,27,W,0.4918
Q,27,Y,0.3377
P,28,A,0.0632
P,28,C,0.2025
P,28,D,0.2046
P,28,E,0.151
P,28,F,0.2557
P,28,G,0.1454
P,28,H,0.0946
P,28,I,0.153
P,28,K,0.1432
P,28,L,0.0995
P,28,M,0.1865
P,28,N,0.1329
P,28,Q,0.0827
P,28,R,0.1072
P,28,S,0.0763
P,28,T,0.0662
P,28,V,0.1093
P,28,W,0.3809
P,28,Y,0.2074
L,29,A,0.093
L,29,C,0.2123
L,29,D,0.2897
L,29,E,0.1656
L,29,F,0.0801
L,29,G,0.1831
L,29,H,0.1063
L,29,I,0.0711
L,29,K,0.131
L,29,M,0.0918
L,29,N,0.1588
L,29,P,0.0841
L,29,Q,0.0773
L,29,R,0.101
L,29,S,0.0959
L,29,T,0.1064
L,29,V,0.0638
L,29,W,0.1492
L,29,Y,0.1815
P,30,A,0.0609
P,30,C,0.2433
P,30,D,0.2554
P,30,E,0.1775
P,30,F,0.2808
P,30,G,0.1589
P,30,H,0.1075
P,30,I,0.181
P,30,K,0.1748
P,30,L,0.0958
P,30,M,0.2111
P,30,N,0.1942
P,30,Q,0.0963
P,30,R,0.1115
P,30,S,0.0904
P,30,T,0.0751
P,30,V,0.1188
P,30,W,0.3883
P,30,Y,0.2553
V,31,A,0.0818
V,31,C,0.3237
V,31,D,0.1291
V,31,E,0.1413
V,31,F,0.1027
V,31,G,0.0695
V,31,H,0.2324
V,31,I,0.0775
V,31,K,0.1505
V,31,L,0.0984
V,31,M,0.107
V,31,N,0.1141
V,31,P,0.1241
V,31,Q,0.1357
V,31,R,0.1369
V,31,S,0.0889
V,31,T,0.1032
V,31,W,0.4805
V,31,Y,0.2833
H,32,A,0.1389
H,32,C,0.1162
H,32,D,0.1317
H,32,E,0.156
H,32,F,0.2398
H,32,G,0.1453
H,32,I,0.1985
H,32,K,0.1277
H,32,L,0.0973
H,32,M,0.3252
H,32,N,0.0854
H,32,P,0.0694
H,32,Q,0.1013
H,32,R,0.073
H,32,S,0.1177
H,32,T,0.1476
H,32,V,0.1581
H,32,W,0.3066
H,32,Y,0.1005
Q,33,A,0.1378
Q,33,C,0.3675
Q,33,D,0.228
Q,33,E,0.0861
Q,33,F,0.4511
Q,33,G,0.1653
Q,33,H,0.124
Q,33,I,0.2379
Q,33,K,0.0736
Q,33,L,0.1106
Q,33,M,0.2884
Q,33,N,0.1978
Q,33,P,0.0782
Q,33,R,0.0834
Q,33,S,0.1416
Q,33,T,0.1312
Q,33,V,0.1601
Q,33,W,0.3686
Q,33,Y,0.2837
P,34,A,0.0663
P,34,C,0.228
P,34,D,0.2309
P,34,E,0.1607
P,34,F,0.3023
P,34,G,0.1511
P,34,H,0.093
P,34,I,0.1885
P,34,K,0.1311
P,34,L,0.1036
P,34,M,0.2142
P,34,N,0.1543
P,34,Q,0.0795
P,34,R,0.0909
P,34,S,0.0812
P,34,T,0.0707
P,34,V,0.1323
P,34,W,0.3895
P,34,Y,0.2431
H,35,A,0.1301
H,35,C,0.1175
H,35,D,0.1323
H,35,E,0.1757
H,35,F,0.2578
H,35,G,0.1473
H,35,I,0.2165
H,35,K,0.1284
H,35,L,0.0974
H,35,M,0.347
H,35,N,0.0823
H,35,P,0.0753
H,35,Q,0.1072
H,35,R,0.0707
H,35,S,0.1173
H,35,T,0.146
H,35,V,0.1561
H,35,W,0.3547
H,35,Y,0.1012
S,36,A,0.0624
S,36,C,0.0729
S,36,D,0.2773
S,36,E,0.2782
S,36,F,0.1498
S,36,G,0.0962
S,36,H,0.1731
S,36,I,0.1288
S,36,K,0.3528
S,36,L,0.0905
S,36,M,0.1764
S,36,N,0.1263
S,36,P,0.0686
S,36,Q,0.2275
S,36,R,0.2892
S,36,T,0.0752
S,36,V,0.1119
S,36,W,0.2235
S,36,Y,0.1296
L,37,A,0.1508
L,37,C,0.4047
L,37,D,0.5784
L,37,E,0.2903
L,37,F,0.1439
L,37,G,0.3992
L,37,H,0.1878
L,37,I,0.0873
L,37,K,0.2137
L,37,M,0.1106
L,37,N,0.3341
L,37,P,0.1932
L,37,Q,0.1021
L,37,R,0.1501
L,37,S,0.2078
L,37,T,0.1533
L,37,V,0.0731
L,37,W,0.2499
L,37,Y,0.3687
V,38,A,0.2055
V,38,C,0.6171
V,38,D,0.3942
V,38,E,0.2743
V,38,F,0.1666
V,38,G,0.241
V,38,H,0.4737
V,38,I,0.0925
V,38,K,0.3091
V,38,L,0.1805
V,38,M,0.2263
V,38,N,0.3408
V,38,P,0.3323
V,38,Q,0.2592
V,38,R,0.2719
V,38,S,0.2519
V,38,T,0.2329
V,38,W,0.7443
V,38,Y,0.4763
S,39,A,0.0871
S,39,C,0.0905
S,39,D,0.8707
S,39,E,0.8434
S,39,F,0.6193
S,39,G,0.2126
S,39,H,0.7466
S,39,I,0.5255
S,39,K,0.9482
S,39,L,0.3092
S,39,M,0.4642
S,39,N,0.5535
S,39,P,0.6486
S,39,Q,0.816
S,39,R,0.899
S,39,T,0.1009
S,39,V,0.3346
S,39,W,0.7203
S,39,Y,0.5713
E,40,A,0.2875
E,40,C,0.8895
E,40,D,0.1121
E,40,F,0.9009
E,40,G,0.3219
E,40,H,0.6196
E,40,I,0.7344
E,40,K,0.3217
E,40,L,0.6801
E,40,M,0.7656
E,40,N,0.3961
E,40,P,0.571
E,40,Q,0.2435
E,40,R,0.4155
E,40,S,0.3253
E,40,T,0.4329
E,40,V,0.4755
E,40,W,0.9432
E,40,Y,0.7881
G,41,A,0.3443
G,41,C,0.8708
G,41,D,0.9625
G,41,E,0.9629
G,41,F,0.987
G,41,H,0.9921
G,41,I,0.9385
G,41,K,0.9892
G,41,L,0.9748
G,41,M,0.9807
G,41,N,0.9726
G,41,P,0.9326
G,41,Q,0.9834
G,41,R,0.9745
G,41,S,0.7153
G,41,T,0.889
G,41,V,0.8634
G,41,W,0.9812
G,41,Y,0.9739
F,42,A,0.9931
F,42,C,0.98
F,42,D,0.9947
F,42,E,0.9962
F,42,G,0.9928
F,42,H,0.9906
F,42,I,0.9787
F,42,K,0.9959
F,42,L,0.9985
F,42,M,0.9856
F,42,N,0.9902
F,42,P,0.9995
F,42,Q,0.9956
F,42,R,0.9881
F,42,S,0.9929
F,42,T,0.9954
F,42,V,0.9753
F,42,W,0.9264
F,42,Y,0.8299
T,43,A,0.682
T,43,C,0.8916
T,43,D,0.9353
T,43,E,0.9581
T,43,F,0.9535
T,43,G,0.7511
T,43,H,0.8311
T,43,I,0.9775
T,43,K,0.9015
T,43,L,0.8482
T,43,M,0.7198
T,43,N,0.7654
T,43,P,0.8673
T,43,Q,0.8702
T,43,R,0.8448
T,43,S,0.3288
T,43,V,0.9204
T,43,W,0.9746
T,43,Y,0.9484
V,44,A,0.6606
V,44,C,0.8971
V,44,D,0.9366
V,44,E,0.8586
V,44,F,0.5358
V,44,G,0.7316
V,44,H,0.9488
V,44,I,0.1031
V,44,K,0.858
V,44,L,0.514
V,44,M,0.4105
V,44,N,0.8609
V,44,P,0.8529
V,44,Q,0.8122
V,44,R,0.7935
V,44,S,0.7586
V,44,T,0.5946
V,44,W,0.9569
V,44,Y,0.8866
K,45,A,0.7691
K,45,C,0.922
K,45,D,0.9479
K,45,E,0.6541
K,45,F,0.9739
K,45,G,0.854
K,45,H,0.7302
K,45,I,0.8888
K,45,L,0.7821
K,45,M,0.7005
K,45,N,0.9159
K,45,P,0.9225
K,45,Q,0.339
K,45,R,0.1064
K,45,S,0.8862
K,45,T,0.6544
K,45,V,0.8265
K,45,W,0.9577
K,45,Y,0.9314
A,46,C,0.9295
A,46,D,0.9758
A,46,E,0.9663
A,46,F,0.9796
A,46,G,0.4976
A,46,H,0.9767
A,46,I,0.9867
A,46,K,0.9913
A,46,L,0.9234
A,46,M,0.9473
A,46,N,0.9558
A,46,P,0.9883
A,46,Q,0.9458
A,46,R,0.9701
A,46,S,0.2225
A,46,T,0.7614
A,46,V,0.9037
A,46,W,0.9936
A,46,Y,0.9771
M,47,A,0.5192
M,47,C,0.761
M,47,D,0.9523
M,47,E,0.8147
M,47,F,0.4918
M,47,G,0.7294
M,47,H,0.7395
M,47,I,0.7534
M,47,K,0.4074
M,47,L,0.1655
M,47,N,0.7751
M,47,P,0.9694
M,47,Q,0.4089
M,47,R,0.3325
M,47,S,0.6386
M,47,T,0.3788
M,47,V,0.1549
M,47,W,0.7502
M,47,Y,0.6768
M,48,A,0.8697
M,48,C,0.9342
M,48,D,0.9894
M,48,E,0.9015
M,48,F,0.8209
M,48,G,0.9004
M,48,H,0.9364
M,48,I,0.937
M,48,K,0.6359
M,48,L,0.3144
M,48,N,0.9293
M,48,P,0.9884
M,48,Q,0.4512
M,48,R,0.6042
M,48,S,0.8903
M,48,T,0.822
M,48,V,0.5224
M,48,W,0.9353
M,48,Y,0.9346
K,49,A,0.6673
K,49,C,0.8746
K,49,D,0.7783
K,49,E,0.4221
K,49,F,0.9675
K,49,G,0.611
K,49,H,0.6195
K,49,I,0.847
K,49,L,0.7647
K,49,M,0.6954
K,49,N,0.7324
K,49,P,0.6715
K,49,Q,0.2785
K,49,R,0.0979
K,49,S,0.7475
K,49,T,0.5812
K,49,V,0.7754
K,49,W,0.9281
K,49,Y,0.8886
N,50,A,0.6301
N,50,C,0.5903
N,50,D,0.3137
N,50,E,0.7371
N,50,F,0.818
N,50,G,0.3954
N,50,H,0.2603
N,50,I,0.67
N,50,K,0.604
N,50,L,0.6939
N,50,M,0.7048
N,50,P,0.8602
N,50,Q,0.6552
N,50,R,0.656
N,50,S,0.2727
N,50,T,0.3815
N,50,V,0.6428
N,50,W,0.9001
N,50,Y,0.3095
S,51,A,0.0869
S,51,C,0.1257
S,51,D,0.9212
S,51,E,0.9178
S,51,F,0.6235
S,51,G,0.2659
S,51,H,0.757
S,51,I,0.4928
S,51,K,0.9603
S,51,L,0.3507
S,51,M,0.4515
S,51,N,0.6241
S,51,P,0.8713
S,51,Q,0.8531
S,51,R,0.9174
S,51,T,0.0978
S,51,V,0.3097
S,51,W,0.719
S,51,Y,0.5163
V,52,A,0.2732
V,52,C,0.7339
V,52,D,0.547
V,52,E,0.3392
V,52,F,0.273
V,52,G,0.4167
V,52,H,0.6185
V,52,I,0.1031
V,52,K,0.3234
V,52,L,0.3382
V,52,M,0.229
V,52,N,0.5094
V,52,P,0.8551
V,52,Q,0.3097
V,52,R,0.2835
V,52,S,0.3733
V,52,T,0.2649
V,52,W,0.8473
V,52,Y,0.6636
V,53,A,0.8732
V,53,C,0.9524
V,53,D,0.9778
V,53,E,0.9423
V,53,F,0.8213
V,53,G,0.7741
V,53,H,0.9865
V,53,I,0.257
V,53,K,0.9524
V,53,L,0.8658
V,53,M,0.8832
V,53,N,0.9592
V,53,P,0.9322
V,53,Q,0.9298
V,53,R,0.9041
V,53,S,0.8861
V,53,T,0.8009
V,53,W,0.9911
V,53,Y,0.9727
R,54,A,0.296
R,54,C,0.1552
R,54,D,0.6655
R,54,E,0.3273
R,54,F,0.5126
R,54,G,0.2427
R,54,H,0.1354
R,54,I,0.2077
R,54,K,0.0898
R,54,L,0.1907
R,54,M,0.2471
R,54,N,0.5653
R,54,P,0.6063
R,54,Q,0.1034
R,54,S,0.423
R,54,T,0.1941
R,54,V,0.2563
R,54,W,0.1995
R,54,Y,0.4151
G,55,A,0.3264
G,55,C,0.4817
G,55,D,0.8219
G,55,E,0.7644
G,55,F,0.8525
G,55,H,0.8829
G,55,I,0.707
G,55,K,0.8599
G,55,L,0.7555
G,55,M,0.8374
G,55,N,0.8255
G,55,P,0.6819
G,55,Q,0.8007
G,55,R,0.8025
G,55,S,0.389
G,55,T,0.6301
G,55,V,0.5793
G,55,W,0.807
G,55,Y,0.8035
P,56,A,0.6361
P,56,C,0.9184
P,56,D,0.9945
P,56,E,0.984
P,56,F,0.9639
P,56,G,0.9549
P,56,H,0.9233
P,56,I,0.8891
P,56,K,0.9684
P,56,L,0.6756
P,56,M,0.9259
P,56,N,0.9854
P,56,Q,0.9417
P,56,R,0.9119
P,56,S,0.9118
P,56,T,0.8805
P,56,V,0.8369
P,56,W,0.9832
P,56,Y,0.9697
P,57,A,0.1937
P,57,C,0.7446
P,57,D,0.8872
P,57,E,0.7256
P,57,F,0.8775
P,57,G,0.6005
P,57,H,0.5298
P,57,I,0.7685
P,57,K,0.5784
P,57,L,0.3895
P,57,M,0.7199
P,57,N,0.8211
P,57,Q,0.439
P,57,R,0.373
P,57,S,0.4079
P,57,T,0.3781
P,57,V,0.5218
P,57,W,0.9208
P,57,Y,0.8562
A,58,C,0.2825
A,58,D,0.3479
A,58,E,0.2646
A,58,F,0.2739
A,58,G,0.1526
A,58,H,0.3656
A,58,I,0.1635
A,58,K,0.325
A,58,L,0.1101
A,58,M,0.1683
A,58,N,0.2297
A,58,P,0.1138
A,58,Q,0.2394
A,58,R,0.2886
A,58,S,0.0893
A,58,T,0.0792
A,58,V,0.0884
A,58,W,0.5928
A,58,Y,0.3819
A,59,C,0.6251
A,59,D,0.979
A,59,E,0.9636
A,59,F,0.9202
A,59,G,0.6029
A,59,H,0.9625
A,59,I,0.8373
A,59,K,0.9811
A,59,L,0.7164
A,59,M,0.7959
A,59,N,0.9443
A,59,P,0.8645
A,59,Q,0.9363
A,59,R,0.9395
A,59,S,0.2738
A,59,T,0.3786
A,59,V,0.5059
A,59,W,0.9854
A,59,Y,0.9642
G,60,A,0.4887
G,60,C,0.6278
G,60,D,0.78
G,60,E,0.811
G,60,F,0.9178
G,60,H,0.8583
G,60,I,0.8979
G,60,K,0.8538
G,60,L,0.8592
G,60,M,0.8777
G,60,N,0.7429
G,60,P,0.9865
G,60,Q,0.778
G,60,R,0.7301
G,60,S,0.3985
G,60,T,0.6832
G,60,V,0.7716
G,60,W,0.868
G,60,Y,0.8716
A,61,C,0.7356
A,61,D,0.9743
A,61,E,0.9695
A,61,F,0.8867
A,61,G,0.6657
A,61,H,0.9613
A,61,I,0.7067
A,61,K,0.9867
A,61,L,0.7226
A,61,M,0.8131
A,61,N,0.9335
A,61,P,0.8568
A,61,Q,0.9447
A,61,R,0.9448
A,61,S,0.3275
A,61,T,0.5969
A,61,V,0.4976
A,61,W,0.9795
A,61,Y,0.9391
F,62,A,0.8948
F,62,C,0.6965
F,62,D,0.9705
F,62,E,0.9645
F,62,G,0.9199
F,62,H,0.8689
F,62,I,0.7752
F,62,K,0.9463
F,62,L,0.955
F,62,M,0.7806
F,62,N,0.9077
F,62,P,0.9946
F,62,Q,0.9144
F,62,R,0.8828
F,62,S,0.8236
F,62,T,0.8055
F,62,V,0.6477
F,62,W,0.66
F,62,Y,0.3299
K,63,A,0.5053
K,63,C,0.6666
K,63,D,0.8399
K,63,E,0.326
K,63,F,0.8814
K,63,G,0.6532
K,63,H,0.4348
K,63,I,0.5246
K,63,L,0.469
K,63,M,0.4036
K,63,N,0.755
K,63,P,0.9193
K,63,Q,0.1699
K,63,R,0.0694
K,63,S,0.6482
K,63,T,0.3356
K,63,V,0.4349
K,63,W,0.8047
K,63,Y,0.7835
E,64,A,0.2512
E,64,C,0.8968
E,64,D,0.5484
E,64,F,0.9275
E,64,G,0.3998
E,64,H,0.8724
E,64,I,0.5394
E,64,K,0.4634
E,64,L,0.647
E,64,M,0.6645
E,64,N,0.7486
E,64,P,0.4891
E,64,Q,0.2434
E,64,R,0.5777
E,64,S,0.5403
E,64,T,0.5116
E,64,V,0.3028
E,64,W,0.9757
E,64,Y,0.8814
R,65,A,0.8687
R,65,C,0.3951
R,65,D,0.9489
R,65,E,0.7772
R,65,F,0.8448
R,65,G,0.7819
R,65,H,0.3342
R,65,I,0.5774
R,65,K,0.2966
R,65,L,0.5935
R,65,M,0.6704
R,65,N,0.8956
R,65,P,0.9432
R,65,Q,0.2835
R,65,S,0.9189
R,65,T,0.7981
R,65,V,0.6926
R,65,W,0.4486
R,65,Y,0.679
P,66,A,0.1113
P,66,C,0.4624
P,66,D,0.5444
P,66,E,0.3539
P,66,F,0.5476
P,66,G,0.3697
P,66,H,0.2541
P,66,I,0.3429
P,66,K,0.3231
P,66,L,0.1576
P,66,M,0.3411
P,66,N,0.4056
P,66,Q,0.1863
P,66,R,0.2281
P,66,S,0.201
P,66,T,0.1558
P,66,V,0.2242
P,66,W,0.6809
P,66,Y,0.5039
T,67,A,0.0584
T,67,C,0.2389
T,67,D,0.4209
T,67,E,0.2982
T,67,F,0.2258
T,67,G,0.1483
T,67,H,0.2577
T,67,I,0.1548
T,67,K,0.2213
T,67,L,0.0928
T,67,M,0.1005
T,67,N,0.1381
T,67,P,0.0846
T,67,Q,0.1934
T,67,R,0.1735
T,67,S,0.0961
T,67,V,0.1107
T,67,W,0.5012
T,67,Y,0.2719
K,68,A,0.3569
K,68,C,0.6871
K,68,D,0.7851
K,68,E,0.3315
K,68,F,0.821
K,68,G,0.4077
K,68,H,0.4522
K,68,I,0.4452
K,68,L,0.4127
K,68,M,0.3518
K,68,N,0.6487
K,68,P,0.5463
K,68,Q,0.1783
K,68,R,0.0866
K,68,S,0.5099
K,68,T,0.2718
K,68,V,0.3541
K,68,W,0.8276
K,68,Y,0.7243
P,69,A,0.1124
P,69,C,0.5576
P,69,D,0.6129
P,69,E,0.4199
P,69,F,0.6821
P,69,G,0.4238
P,69,H,0.2941
P,69,I,0.464
P,69,K,0.4076
P,69,L,0.2147
P,69,M,0.4445
P,69,N,0.4623
P,69,Q,0.2157
P,69,R,0.2631
P,69,S,0.2305
P,69,T,0.1888
P,69,V,0.2907
P,69,W,0.7708
P,69,Y,0.576
T,70,A,0.5353
T,70,C,0.906
T,70,D,0.961
T,70,E,0.96
T,70,F,0.9604
T,70,G,0.6816
T,70,H,0.8964
T,70,I,0.9664
T,70,K,0.9056
T,70,L,0.7576
T,70,M,0.666
T,70,N,0.7662
T,70,P,0.7909
T,70,Q,0.9007
T,70,R,0.8646
T,70,S,0.3644
T,70,V,0.8671
T,70,W,0.9826
T,70,Y,0.9569
A,71,C,0.5069
A,71,D,0.492
A,71,E,0.4345
A,71,F,0.4786
A,71,G,0.2246
A,71,H,0.6108
A,71,I,0.2965
A,71,K,0.6879
A,71,L,0.2068
A,71,M,0.2694
A,71,N,0.2969
A,71,P,0.5408
A,71,Q,0.4175
A,71,R,0.581
A,71,S,0.1127
A,71,T,0.1015
A,71,V,0.1433
A,71,W,0.8437
A,71,Y,0.6132
F,72,A,0.9911
F,72,C,0.9811
F,72,D,0.999
F,72,E,0.9986
F,72,G,0.9953
F,72,H,0.9957
F,72,I,0.9572
F,72,K,0.9982
F,72,L,0.9895
F,72,M,0.9724
F,72,N,0.9978
F,72,P,0.9994
F,72,Q,0.9971
F,72,R,0.9933
F,72,S,0.9938
F,72,T,0.9948
F,72,V,0.9502
F,72,W,0.9496
F,72,Y,0.914
R,73,A,0.9409
R,73,C,0.4943
R,73,D,0.9948
R,73,E,0.9396
R,73,F,0.9747
R,73,G,0.87
R,73,H,0.4428
R,73,I,0.9548
R,73,K,0.4211
R,73,L,0.8821
R,73,M,0.9501
R,73,N,0.9877
R,73,P,0.9799
R,73,Q,0.3586
R,73,S,0.9618
R,73,T,0.9648
R,73,V,0.9577
R,73,W,0.686
R,73,Y,0.9245
K,74,A,0.6217
K,74,C,0.698
K,74,D,0.864
K,74,E,0.516
K,74,F,0.7966
K,74,G,0.7354
K,74,H,0.4148
K,74,I,0.4628
K,74,L,0.4051
K,74,M,0.2806
K,74,N,0.7086
K,74,P,0.9523
K,74,Q,0.2365
K,74,R,0.0845
K,74,S,0.7207
K,74,T,0.3893
K,74,V,0.4189
K,74,W,0.7839
K,74,Y,0.5979
F,75,A,0.6936
F,75,C,0.3064
F,75,D,0.9194
F,75,E,0.9356
F,75,G,0.8579
F,75,H,0.7118
F,75,I,0.6225
F,75,K,0.935
F,75,L,0.9437
F,75,M,0.7292
F,75,N,0.7181
F,75,P,0.9975
F,75,Q,0.8408
F,75,R,0.8363
F,75,S,0.6512
F,75,T,0.8304
F,75,V,0.5577
F,75,W,0.6086
F,75,Y,0.1493
Y,76,A,0.9654
Y,76,C,0.5716
Y,76,D,0.9876
Y,76,E,0.9938
Y,76,F,0.4064
Y,76,G,0.9424
Y,76,H,0.9037
Y,76,I,0.9346
Y,76,K,0.9874
Y,76,L,0.7867
Y,76,M,0.9536
Y,76,N,0.9558
Y,76,P,0.9887
Y,76,Q,0.9814
Y,76,R,0.9331
Y,76,S,0.8938
Y,76,T,0.9724
Y,76,V,0.8438
Y,76,W,0.7116
E,77,A,0.4397
E,77,C,0.9071
E,77,D,0.2536
E,77,F,0.9188
E,77,G,0.4466
E,77,H,0.7503
E,77,I,0.6801
E,77,K,0.4138
E,77,L,0.6271
E,77,M,0.7172
E,77,N,0.5558
E,77,P,0.9827
E,77,Q,0.2765
E,77,R,0.5246
E,77,S,0.513
E,77,T,0.5924
E,77,V,0.4677
E,77,W,0.9676
E,77,Y,0.8673
R,78,A,0.9168
R,78,C,0.6608
R,78,D,0.9467
R,78,E,0.8505
R,78,F,0.9698
R,78,G,0.8255
R,78,H,0.5552
R,78,I,0.9178
R,78,K,0.5688
R,78,L,0.836
R,78,M,0.9035
R,78,N,0.9334
R,78,P,0.99
R,78,Q,0.5474
R,78,S,0.9428
R,78,T,0.9079
R,78,V,0.934
R,78,W,0.7063
R,78,Y,0.8977
G,79,A,0.759
G,79,C,0.7759
G,79,D,0.9077
G,79,E,0.9095
G,79,F,0.9852
G,79,H,0.9514
G,79,I,0.9798
G,79,K,0.9376
G,79,L,0.9658
G,79,M,0.966
G,79,N,0.8972
G,79,P,0.9976
G,79,Q,0.8854
G,79,R,0.8593
G,79,S,0.6483
G,79,T,0.9134
G,79,V,0.9521
G,79,W,0.9423
G,79,Y,0.963
D,80,A,0.6825
D,80,C,0.9237
D,80,E,0.6906
D,80,F,0.9176
D,80,G,0.8033
D,80,H,0.8744
D,80,I,0.8422
D,80,K,0.9294
D,80,L,0.8582
D,80,M,0.9528
D,80,N,0.5799
D,80,P,0.9901
D,80,Q,0.8882
D,80,R,0.9087
D,80,S,0.6586
D,80,T,0.8698
D,80,V,0.7026
D,80,W,0.9815
D,80,Y,0.7069
F,81,A,0.9809
F,81,C,0.9006
F,81,D,0.9974
F,81,E,0.9979
F,81,G,0.9935
F,81,H,0.9881
F,81,I,0.4935
F,81,K,0.9967
F,81,L,0.8596
F,81,M,0.8123
F,81,N,0.9915
F,81,P,0.9985
F,81,Q,0.9957
F,81,R,0.9926
F,81,S,0.9849
F,81,T,0.9848
F,81,V,0.6945
F,81,W,0.9344
F,81,Y,0.7439
P,82,A,0.9396
P,82,C,0.9878
P,82,D,0.9956
P,82,E,0.9945
P,82,F,0.9971
P,82,G,0.9893
P,82,H,0.984
P,82,I,0.9924
P,82,K,0.9955
P,82,L,0.9351
P,82,M,0.993
P,82,N,0.9969
P,82,Q,0.9878
P,82,R,0.9789
P,82,S,0.9822
P,82,T,0.9781
P,82,V,0.982
P,82,W,0.9975
P,82,Y,0.9966
I,83,A,0.7951
I,83,C,0.888
I,83,D,0.9973
I,83,E,0.9931
I,83,F,0.4437
I,83,G,0.9841
I,83,H,0.9911
I,83,K,0.9887
I,83,L,0.2488
I,83,M,0.2293
I,83,N,0.9812
I,83,P,0.9877
I,83,Q,0.9841
I,83,R,0.9764
I,83,S,0.9355
I,83,T,0.809
I,83,V,0.0855
I,83,W,0.975
I,83,Y,0.9526
A,84,C,0.6224
A,84,D,0.9432
A,84,E,0.8754
A,84,F,0.6917
A,84,G,0.4586
A,84,H,0.8693
A,84,I,0.7282
A,84,K,0.9414
A,84,L,0.544
A,84,M,0.5224
A,84,N,0.8293
A,84,P,0.9887
A,84,Q,0.6624
A,84,R,0.8178
A,84,S,0.1704
A,84,T,0.3458
A,84,V,0.4606
A,84,W,0.9604
A,84,Y,0.8667
L,85,A,0.8164
L,85,C,0.8805
L,85,D,0.9957
L,85,E,0.9638
L,85,F,0.7212
L,85,G,0.9667
L,85,H,0.9481
L,85,I,0.2032
L,85,K,0.9124
L,85,M,0.2808
L,85,N,0.9763
L,85,P,0.942
L,85,Q,0.8699
L,85,R,0.8501
L,85,S,0.9477
L,85,T,0.8113
L,85,V,0.1625
L,85,W,0.8509
L,85,Y,0.9477
E,86,A,0.3444
E,86,C,0.8438
E,86,D,0.3473
E,86,F,0.8312
E,86,G,0.441
E,86,H,0.6817
E,86,I,0.5523
E,86,K,0.4894
E,86,L,0.5498
E,86,M,0.6475
E,86,N,0.6367
E,86,P,0.9775
E,86,Q,0.2449
E,86,R,0.5486
E,86,S,0.4746
E,86,T,0.5575
E,86,V,0.345
E,86,W,0.9291
E,86,Y,0.7671
H,87,A,0.9494
H,87,C,0.706
H,87,D,0.9401
H,87,E,0.9624
H,87,F,0.6826
H,87,G,0.9385
H,87,I,0.9468
H,87,K,0.9297
H,87,L,0.762
H,87,M,0.9103
H,87,N,0.816
H,87,P,0.8882
H,87,Q,0.9116
H,87,R,0.8209
H,87,S,0.9353
H,87,T,0.9494
H,87,V,0.9329
H,87,W,0.6761
H,87,Y,0.5228
D,88,A,0.5051
D,88,C,0.7925
D,88,E,0.6481
D,88,F,0.8282
D,88,G,0.3235
D,88,H,0.6099
D,88,I,0.8043
D,88,K,0.8416
D,88,L,0.7389
D,88,M,0.9072
D,88,N,0.241
D,88,P,0.9454
D,88,Q,0.7476
D,88,R,0.7551
D,88,S,0.2792
D,88,T,0.5139
D,88,V,0.5908
D,88,W,0.9606
D,88,Y,0.4862
S,89,A,0.0907
S,89,C,0.1283
S,89,D,0.7642
S,89,E,0.802
S,89,F,0.4354
S,89,G,0.1006
S,89,H,0.6077
S,89,I,0.3621
S,89,K,0.8883
S,89,L,0.1738
S,89,M,0.2834
S,89,N,0.27
S,89,P,0.3962
S,89,Q,0.6833
S,89,R,0.8142
S,89,T,0.079
S,89,V,0.2955
S,89,W,0.5482
S,89,Y,0.4099
K,90,A,0.5532
K,90,C,0.6997
K,90,D,0.8599
K,90,E,0.4769
K,90,F,0.8782
K,90,G,0.6017
K,90,H,0.4481
K,90,I,0.622
K,90,L,0.569
K,90,M,0.4741
K,90,N,0.769
K,90,P,0.8903
K,90,Q,0.2361
K,90,R,0.0693
K,90,S,0.6679
K,90,T,0.4109
K,90,V,0.5146
K,90,W,0.8
K,90,Y,0.782
G,91,A,0.7295
G,91,C,0.7708
G,91,D,0.9063
G,91,E,0.9038
G,91,F,0.9601
G,91,H,0.9579
G,91,I,0.912
G,91,K,0.9487
G,91,L,0.9556
G,91,M,0.9534
G,91,N,0.9151
G,91,P,0.9928
G,91,Q,0.9144
G,91,R,0.8941
G,91,S,0.6714
G,91,T,0.8189
G,91,V,0.827
G,91,W,0.9075
G,91,Y,0.9244
N,92,A,0.668
N,92,C,0.4141
N,92,D,0.5816
N,92,E,0.8377
N,92,F,0.7736
N,92,G,0.6066
N,92,H,0.2685
N,92,I,0.5771
N,92,K,0.7486
N,92,L,0.5296
N,92,M,0.6358
N,92,P,0.7603
N,92,Q,0.6655
N,92,R,0.6663
N,92,S,0.2026
N,92,T,0.48
N,92,V,0.5587
N,92,W,0.8227
N,92,Y,0.2947
K,93,A,0.7262
K,93,C,0.733
K,93,D,0.9214
K,93,E,0.605
K,93,F,0.9358
K,93,G,0.7877
K,93,H,0.4677
K,93,I,0.6976
K,93,L,0.6933
K,93,M,0.5548
K,93,N,0.8347
K,93,P,0.9795
K,93,Q,0.2781
K,93,R,0.0726
K,93,S,0.7914
K,93,T,0.479
K,93,V,0.5911
K,93,W,0.8941
K,93,Y,0.8456
I,94,A,0.9462
I,94,C,0.9897
I,94,D,0.9975
I,94,E,0.9924
I,94,F,0.9044
I,94,G,0.9929
I,94,H,0.9967
I,94,K,0.9896
I,94,L,0.5347
I,94,M,0.5927
I,94,N,0.9828
I,94,P,0.9849
I,94,Q,0.9931
I,94,R,0.9841
I,94,S,0.9807
I,94,T,0.9549
I,94,V,0.3443
I,94,W,0.9924
I,94,Y,0.9856
A,95,C,0.6315
A,95,D,0.8844
A,95,E,0.8401
A,95,F,0.6738
A,95,G,0.3686
A,95,H,0.807
A,95,I,0.6467
A,95,K,0.8893
A,95,L,0.461
A,95,M,0.5738
A,95,N,0.6722
A,95,P,0.9822
A,95,Q,0.652
A,95,R,0.7266
A,95,S,0.1978
A,95,T,0.3072
A,95,V,0.4272
A,95,W,0.9415
A,95,Y,0.831
W,96,A,0.9984
W,96,C,0.9984
W,96,D,0.9997
W,96,E,0.9995
W,96,F,0.9212
W,96,G,0.9919
W,96,H,0.9987
W,96,I,0.9981
W,96,K,0.9998
W,96,L,0.9907
W,96,M,0.9986
W,96,N,0.9997
W,96,P,0.9994
W,96,Q,0.9997
W,96,R,0.9993
W,96,S,0.9971
W,96,T,0.9986
W,96,V,0.9971
W,96,Y,0.9861
K,97,A,0.9114
K,97,C,0.9627
K,97,D,0.9622
K,97,E,0.8526
K,97,F,0.9812
K,97,G,0.9374
K,97,H,0.8115
K,97,I,0.9082
K,97,L,0.8432
K,97,M,0.7423
K,97,N,0.9341
K,97,P,0.9902
K,97,Q,0.6409
K,97,R,0.23
K,97,S,0.9492
K,97,T,0.7267
K,97,V,0.8534
K,97,W,0.9719
K,97,Y,0.9442
V,98,A,0.5607
V,98,C,0.8647
V,98,D,0.8118
V,98,E,0.6402
V,98,F,0.5977
V,98,G,0.5437
V,98,H,0.9336
V,98,I,0.1814
V,98,K,0.776
V,98,L,0.7424
V,98,M,0.5087
V,98,N,0.7927
V,98,P,0.9809
V,98,Q,0.7185
V,98,R,0.7315
V,98,S,0.6841
V,98,T,0.4967
V,98,W,0.9607
V,98,Y,0.8924
E,99,A,0.3448
E,99,C,0.9372
E,99,D,0.217
E,99,F,0.9695
E,99,G,0.3987
E,99,H,0.848
E,99,I,0.9025
E,99,K,0.5433
E,99,L,0.8525
E,99,M,0.8647
E,99,N,0.6307
E,99,P,0.6886
E,99,Q,0.3807
E,99,R,0.6622
E,99,S,0.5225
E,99,T,0.6977
E,99,V,0.7207
E,99,W,0.984
E,99,Y,0.9404
I,100,A,0.6617
I,100,C,0.9478
I,100,D,0.9664
I,100,E,0.9106
I,100,F,0.4805
I,100,G,0.9373
I,100,H,0.9605
I,100,K,0.8381
I,100,L,0.2173
I,100,M,0.1709
I,100,N,0.8787
I,100,P,0.7074
I,100,Q,0.9048
I,100,R,0.7988
I,100,S,0.8388
I,100,T,0.5307
I,100,V,0.1908
I,100,W,0.8748
I,100,Y,0.8824
E,101,A,0.5317
E,101,C,0.9328
E,101,D,0.311
E,101,F,0.97
E,101,G,0.3602
E,101,H,0.8294
E,101,I,0.918
E,101,K,0.5437
E,101,L,0.876
E,101,M,0.9061
E,101,N,0.7151
E,101,P,0.9329
E,101,Q,0.3833
E,101,R,0.6169
E,101,S,0.5369
E,101,T,0.69
E,101,V,0.7732
E,101,W,0.971
E,101,Y,0.936
K,102,A,0.4259
K,102,C,0.709
K,102,D,0.4698
K,102,E,0.2593
K,102,F,0.8579
K,102,G,0.5146
K,102,H,0.3664
K,102,I,0.5462
K,102,L,0.4249
K,102,M,0.2655
K,102,N,0.355
K,102,P,0.9508
K,102,Q,0.1687
K,102,R,0.1139
K,102,S,0.4362
K,102,T,0.1964
K,102,V,0.4501
K,102,W,0.8505
K,102,Y,0.667
L,103,A,0.8849
L,103,C,0.9255
L,103,D,0.9953
L,103,E,0.9681
L,103,F,0.8997
L,103,G,0.9738
L,103,H,0.9758
L,103,I,0.3003
L,103,K,0.96
L,103,M,0.3307
L,103,N,0.9771
L,103,P,0.9829
L,103,Q,0.9251
L,103,R,0.9391
L,103,S,0.9731
L,103,T,0.8601
L,103,V,0.3848
L,103,W,0.94
L,103,Y,0.9746
D,104,A,0.8694
D,104,C,0.9696
D,104,E,0.9261
D,104,F,0.9859
D,104,G,0.9093
D,104,H,0.9219
D,104,I,0.977
D,104,K,0.9804
D,104,L,0.9564
D,104,M,0.9936
D,104,N,0.6385
D,104,P,0.9519
D,104,Q,0.9596
D,104,R,0.9558
D,104,S,0.7391
D,104,T,0.968
D,104,V,0.9249
D,104,W,0.9946
D,104,Y,0.8821
Y,105,A,0.969
Y,105,C,0.7131
Y,105,D,0.9589
Y,105,E,0.9925
Y,105,F,0.1378
Y,105,G,0.946
Y,105,H,0.9407
Y,105,I,0.8564
Y,105,K,0.9915
Y,105,L,0.79
Y,105,M,0.9247
Y,105,N,0.9065
Y,105,P,0.978
Y,105,Q,0.9912
Y,105,R,0.9776
Y,105,S,0.9003
Y,105,T,0.9538
Y,105,V,0.8002
Y,105,W,0.7611
H,106,A,0.5255
H,106,C,0.271
H,106,D,0.5652
H,106,E,0.6204
H,106,F,0.4967
H,106,G,0.5396
H,106,I,0.6383
H,106,K,0.5914
H,106,L,0.2816
H,106,M,0.6844
H,106,N,0.2512
H,106,P,0.4942
H,106,Q,0.3946
H,106,R,0.3097
H,106,S,0.3855
H,106,T,0.5522
H,106,V,0.5745
H,106,W,0.5634
H,106,Y,0.2322
H,107,A,0.7621
H,107,C,0.2795
H,107,D,0.776
H,107,E,0.7969
H,107,F,0.3744
H,107,G,0.7876
H,107,I,0.5756
H,107,K,0.5759
H,107,L,0.2325
H,107,M,0.7302
H,107,N,0.4513
H,107,P,0.7676
H,107,Q,0.5736
H,107,R,0.2866
H,107,S,0.6905
H,107,T,0.6932
H,107,V,0.5123
H,107,W,0.4801
H,107,Y,0.1151
Y,108,A,0.9126
Y,108,C,0.4188
Y,108,D,0.9193
Y,108,E,0.9828
Y,108,F,0.1424
Y,108,G,0.9161
Y,108,H,0.775
Y,108,I,0.6844
Y,108,K,0.9782
Y,108,L,0.7004
Y,108,M,0.8497
Y,108,N,0.769
Y,108,P,0.9876
Y,108,Q,0.9618
Y,108,R,0.9462
Y,108,S,0.7499
Y,108,T,0.8852
Y,108,V,0.6072
Y,108,W,0.6733
L,109,A,0.9798
L,109,C,0.9888
L,109,D,0.9997
L,109,E,0.9982
L,109,F,0.8777
L,109,G,0.9943
L,109,H,0.9941
L,109,I,0.6461
L,109,K,0.9953
L,109,M,0.7156
L,109,N,0.9982
L,109,P,0.9967
L,109,Q,0.9914
L,109,R,0.9905
L,109,S,0.9952
L,109,T,0.9848
L,109,V,0.7579
L,109,W,0.9889
L,109,Y,0.9911
P,110,A,0.83
P,110,C,0.9592
P,110,D,0.9915
P,110,E,0.98
P,110,F,0.9907
P,110,G,0.9581
P,110,H,0.9448
P,110,I,0.9592
P,110,K,0.981
P,110,L,0.846
P,110,M,0.9739
P,110,N,0.9826
P,110,Q,0.9456
P,110,R,0.929
P,110,S,0.9058
P,110,T,0.9059
P,110,V,0.9084
P,110,W,0.9926
P,110,Y,0.9847
L,111,A,0.8046
L,111,C,0.8251
L,111,D,0.9895
L,111,E,0.9393
L,111,F,0.6698
L,111,G,0.9584
L,111,H,0.851
L,111,I,0.2678
L,111,K,0.8842
L,111,M,0.2523
L,111,N,0.9384
L,111,P,0.9594
L,111,Q,0.7271
L,111,R,0.7783
L,111,S,0.8905
L,111,T,0.8226
L,111,V,0.2655
L,111,W,0.8383
L,111,Y,0.8744
F,112,A,0.9805
F,112,C,0.8951
F,112,D,0.9982
F,112,E,0.9985
F,112,G,0.9923
F,112,H,0.9868
F,112,I,0.9376
F,112,K,0.9987
F,112,L,0.976
F,112,M,0.9536
F,112,N,0.995
F,112,P,0.9992
F,112,Q,0.9963
F,112,R,0.9942
F,112,S,0.9839
F,112,T,0.9907
F,112,V,0.93
F,112,W,0.9473
F,112,Y,0.8145
F,113,A,0.9361
F,113,C,0.7406
F,113,D,0.9983
F,113,E,0.9975
F,113,G,0.9842
F,113,H,0.985
F,113,I,0.8204
F,113,K,0.9982
F,113,L,0.9774
F,113,M,0.8696
F,113,N,0.9935
F,113,P,0.9993
F,113,Q,0.9924
F,113,R,0.9909
F,113,S,0.9397
F,113,T,0.9437
F,113,V,0.6806
F,113,W,0.8971
F,113,Y,0.8477
D,114,A,0.7207
D,114,C,0.9121
D,114,E,0.4773
D,114,F,0.9676
D,114,G,0.7546
D,114,H,0.7417
D,114,I,0.9708
D,114,K,0.9458
D,114,L,0.9454
D,114,M,0.9812
D,114,N,0.4964
D,114,P,0.9934
D,114,Q,0.8482
D,114,R,0.9215
D,114,S,0.4461
D,114,T,0.8607
D,114,V,0.9011
D,114,W,0.9855
D,114,Y,0.777
G,115,A,0.9471
G,115,C,0.9888
G,115,D,0.9959
G,115,E,0.9972
G,115,F,0.9984
G,115,H,0.9989
G,115,I,0.9952
G,115,K,0.9985
G,115,L,0.9971
G,115,M,0.9984
G,115,N,0.9981
G,115,P,0.9996
G,115,Q,0.9982
G,115,R,0.9955
G,115,S,0.9533
G,115,T,0.9911
G,115,V,0.9912
G,115,W,0.9972
G,115,Y,0.9981
L,116,A,0.9604
L,116,C,0.9734
L,116,D,0.9988
L,116,E,0.9949
L,116,F,0.8943
L,116,G,0.9926
L,116,H,0.9904
L,116,I,0.4133
L,116,K,0.9905
L,116,M,0.6303
L,116,N,0.9922
L,116,P,0.9941
L,116,Q,0.9831
L,116,R,0.9791
L,116,S,0.99
L,116,T,0.9653
L,116,V,0.6124
L,116,W,0.9819
L,116,Y,0.987
C,117,A,0.4464
C,117,D,0.9208
C,117,E,0.8832
C,117,F,0.6952
C,117,G,0.2515
C,117,H,0.784
C,117,I,0.8007
C,117,K,0.8419
C,117,L,0.6977
C,117,M,0.7949
C,117,N,0.7379
C,117,P,0.9678
C,117,Q,0.6154
C,117,R,0.4054
C,117,S,0.3287
C,117,T,0.4033
C,117,V,0.5813
C,117,W,0.8266
C,117,Y,0.7788
E,118,A,0.9567
E,118,C,0.9818
E,118,D,0.9189
E,118,F,0.9986
E,118,G,0.9464
E,118,H,0.9926
E,118,I,0.994
E,118,K,0.9651
E,118,L,0.9933
E,118,M,0.9945
E,118,N,0.9898
E,118,P,0.997
E,118,Q,0.9281
E,118,R,0.9661
E,118,S,0.9655
E,118,T,0.9809
E,118,V,0.9722
E,118,W,0.9993
E,118,Y,0.9971
M,119,A,0.498
M,119,C,0.7597
M,119,D,0.7969
M,119,E,0.5497
M,119,F,0.5798
M,119,G,0.6267
M,119,H,0.6289
M,119,I,0.5089
M,119,K,0.2127
M,119,L,0.1715
M,119,N,0.4568
M,119,P,0.8215
M,119,Q,0.3122
M,119,R,0.257
M,119,S,0.4676
M,119,T,0.157
M,119,V,0.1341
M,119,W,0.8077
M,119,Y,0.7283
T,120,A,0.0732
T,120,C,0.2997
T,120,D,0.3196
T,120,E,0.229
T,120,F,0.3518
T,120,G,0.2167
T,120,H,0.2252
T,120,I,0.2038
T,120,K,0.1981
T,120,L,0.139
T,120,M,0.1074
T,120,N,0.1125
T,120,P,0.3628
T,120,Q,0.161
T,120,R,0.1672
T,120,S,0.1013
T,120,V,0.1436
T,120,W,0.6781
T,120,Y,0.3516
F,121,A,0.9202
F,121,C,0.7354
F,121,D,0.9478
F,121,E,0.9545
F,121,G,0.9717
F,121,H,0.5736
F,121,I,0.7919
F,121,K,0.9695
F,121,L,0.9805
F,121,M,0.8885
F,121,N,0.8855
F,121,P,0.9832
F,121,Q,0.9316
F,121,R,0.9349
F,121,S,0.825
F,121,T,0.9349
F,121,V,0.7418
F,121,W,0.6548
F,121,Y,0.2615
P,122,A,0.972
P,122,C,0.9935
P,122,D,0.9952
P,122,E,0.9933
P,122,F,0.9988
P,122,G,0.9909
P,122,H,0.9867
P,122,I,0.9952
P,122,K,0.9942
P,122,L,0.966
P,122,M,0.9967
P,122,N,0.9965
P,122,Q,0.9868
P,122,R,0.9721
P,122,S,0.9874
P,122,T,0.9767
P,122,V,0.9894
P,122,W,0.9983
P,122,Y,0.9971
Y,123,A,0.7048
Y,123,C,0.143
Y,123,D,0.8456
Y,123,E,0.9432
Y,123,F,0.1694
Y,123,G,0.6575
Y,123,H,0.5762
Y,123,I,0.8565
Y,123,K,0.9552
Y,123,L,0.7269
Y,123,M,0.8335
Y,123,N,0.6017
Y,123,P,0.9282
Y,123,Q,0.9072
Y,123,R,0.8754
Y,123,S,0.5033
Y,123,T,0.804
Y,123,V,0.6661
Y,123,W,0.526
E,124,A,0.3611
E,124,C,0.9102
E,124,D,0.3537
E,124,F,0.9576
E,124,G,0.4488
E,124,H,0.783
E,124,I,0.8728
E,124,K,0.6159
E,124,L,0.87
E,124,M,0.8725
E,124,N,0.6166
E,124,P,0.9426
E,124,Q,0.3635
E,124,R,0.6551
E,124,S,0.4367
E,124,T,0.667
E,124,V,0.7031
E,124,W,0.9811
E,124,Y,0.8772
F,125,A,0.9445
F,125,C,0.8389
F,125,D,0.9664
F,125,E,0.9757
F,125,G,0.9701
F,125,H,0.932
F,125,I,0.6762
F,125,K,0.9646
F,125,L,0.9766
F,125,M,0.8638
F,125,N,0.9302
F,125,P,0.9987
F,125,Q,0.9625
F,125,R,0.9355
F,125,S,0.9468
F,125,T,0.9023
F,125,V,0.6406
F,125,W,0.8562
F,125,Y,0.4043
F,126,A,0.9485
F,126,C,0.84
F,126,D,0.9966
F,126,E,0.9965
F,126,G,0.9894
F,126,H,0.9723
F,126,I,0.6891
F,126,K,0.9951
F,126,L,0.9061
F,126,M,0.8728
F,126,N,0.9908
F,126,P,0.9966
F,126,Q,0.989
F,126,R,0.9803
F,126,S,0.9658
F,126,T,0.964
F,126,V,0.6787
F,126,W,0.8964
F,126,Y,0.6564
A,127,C,0.8081
A,127,D,0.9967
A,127,E,0.988
A,127,F,0.9882
A,127,G,0.7537
A,127,H,0.989
A,127,I,0.9303
A,127,K,0.9963
A,127,L,0.8871
A,127,M,0.9481
A,127,N,0.988
A,127,P,0.9848
A,127,Q,0.9504
A,127,R,0.971
A,127,S,0.2312
A,127,T,0.6894
A,127,V,0.6948
A,127,W,0.9972
A,127,Y,0.994
R,128,A,0.9051
R,128,C,0.3513
R,128,D,0.9788
R,128,E,0.79
R,128,F,0.905
R,128,G,0.8184
R,128,H,0.3889
R,128,I,0.7351
R,128,K,0.358
R,128,L,0.6615
R,128,M,0.8136
R,128,N,0.9561
R,128,P,0.9874
R,128,Q,0.278
R,128,S,0.9209
R,128,T,0.8272
R,128,V,0.7644
R,128,W,0.4931
R,128,Y,0.8202
Q,129,A,0.6679
Q,129,C,0.9561
Q,129,D,0.9688
Q,129,E,0.3432
Q,129,F,0.9849
Q,129,G,0.8081
Q,129,H,0.9076
Q,129,I,0.9103
Q,129,K,0.5722
Q,129,L,0.755
Q,129,M,0.7665
Q,129,N,0.8329
Q,129,P,0.99
Q,129,R,0.5586
Q,129,S,0.7876
Q,129,T,0.719
Q,129,V,0.7889
Q,129,W,0.9634
Q,129,Y,0.9725
G,130,A,0.7249
G,130,C,0.9425
G,130,D,0.9947
G,130,E,0.9938
G,130,F,0.9968
G,130,H,0.9988
G,130,I,0.9877
G,130,K,0.9984
G,130,L,0.9904
G,130,M,0.991
G,130,N,0.9957
G,130,P,0.9997
G,130,Q,0.9964
G,130,R,0.9958
G,130,S,0.8839
G,130,T,0.9741
G,130,V,0.9653
G,130,W,0.9961
G,130,Y,0.9966
I,131,A,0.8624
I,131,C,0.8897
I,131,D,0.9969
I,131,E,0.9935
I,131,F,0.9296
I,131,G,0.9807
I,131,H,0.9947
I,131,K,0.9916
I,131,L,0.5726
I,131,M,0.5792
I,131,N,0.9533
I,131,P,0.9939
I,131,Q,0.9904
I,131,R,0.986
I,131,S,0.8431
I,131,T,0.7372
I,131,V,0.1305
I,131,W,0.9965
I,131,Y,0.992
H,132,A,0.8784
H,132,C,0.4466
H,132,D,0.8621
H,132,E,0.8741
H,132,F,0.6732
H,132,G,0.8923
H,132,I,0.8563
H,132,K,0.7951
H,132,L,0.4286
H,132,M,0.8634
H,132,N,0.5892
H,132,P,0.9427
H,132,Q,0.7168
H,132,R,0.4435
H,132,S,0.8161
H,132,T,0.8726
H,132,V,0.8142
H,132,W,0.617
H,132,Y,0.3495
D,133,A,0.9593
D,133,C,0.99
D,133,E,0.9182
D,133,F,0.9901
D,133,G,0.9693
D,133,H,0.9684
D,133,I,0.9906
D,133,K,0.9891
D,133,L,0.9815
D,133,M,0.9954
D,133,N,0.8489
D,133,P,0.9995
D,133,Q,0.9811
D,133,R,0.9859
D,133,S,0.9263
D,133,T,0.9813
D,133,V,0.9648
D,133,W,0.998
D,133,Y,0.9367
M,134,A,0.9682
M,134,C,0.9489
M,134,D,0.9992
M,134,E,0.9943
M,134,F,0.9324
M,134,G,0.9937
M,134,H,0.9938
M,134,I,0.9427
M,134,K,0.977
M,134,L,0.181
M,134,N,0.9937
M,134,P,0.9995
M,134,Q,0.972
M,134,R,0.9817
M,134,S,0.985
M,134,T,0.9579
M,134,V,0.5936
M,134,W,0.9947
M,134,Y,0.9904
L,135,A,0.9498
L,135,C,0.9695
L,135,D,0.9993
L,135,E,0.9944
L,135,F,0.9622
L,135,G,0.9919
L,135,H,0.9945
L,135,I,0.5316
L,135,K,0.9917
L,135,M,0.6107
L,135,N,0.9961
L,135,P,0.9959
L,135,Q,0.9868
L,135,R,0.982
L,135,S,0.9938
L,135,T,0.9561
L,135,V,0.5841
L,135,W,0.9895
L,135,Y,0.9956
E,136,A,0.3952
E,136,C,0.9057
E,136,D,0.4854
E,136,F,0.9388
E,136,G,0.4541
E,136,H,0.8217
E,136,I,0.8012
E,136,K,0.5727
E,136,L,0.7397
E,136,M,0.7921
E,136,N,0.7492
E,136,P,0.9889
E,136,Q,0.3265
E,136,R,0.628
E,136,S,0.5242
E,136,T,0.6033
E,136,V,0.5726
E,136,W,0.9732
E,136,Y,0.8858
H,137,A,0.7549
H,137,C,0.3887
H,137,D,0.7959
H,137,E,0.8065
H,137,F,0.6223
H,137,G,0.7849
H,137,I,0.7859
H,137,K,0.5414
H,137,L,0.4841
H,137,M,0.8379
H,137,N,0.4017
H,137,P,0.9359
H,137,Q,0.6013
H,137,R,0.2688
H,137,S,0.7617
H,137,T,0.8195
H,137,V,0.6892
H,137,W,0.691
H,137,Y,0.2656
G,138,A,0.6228
G,138,C,0.8532
G,138,D,0.9594
G,138,E,0.9638
G,138,F,0.9914
G,138,H,0.983
G,138,I,0.9814
G,138,K,0.9841
G,138,L,0.9829
G,138,M,0.9891
G,138,N,0.975
G,138,P,0.995
G,138,Q,0.9688
G,138,R,0.9487
G,138,S,0.6551
G,138,T,0.9345
G,138,V,0.9547
G,138,W,0.9738
G,138,Y,0.9856
G,139,A,0.2591
G,139,C,0.3046
G,139,D,0.3494
G,139,E,0.3357
G,139,F,0.842
G,139,H,0.5872
G,139,I,0.6752
G,139,K,0.5181
G,139,L,0.7493
G,139,M,0.7565
G,139,N,0.4132
G,139,P,0.8787
G,139,Q,0.3932
G,139,R,0.364
G,139,S,0.1345
G,139,T,0.3827
G,139,V,0.5047
G,139,W,0.6289
G,139,Y,0.7112
N,140,A,0.1516
N,140,C,0.1864
N,140,D,0.0873
N,140,E,0.1993
N,140,F,0.4627
N,140,G,0.1793
N,140,H,0.1053
N,140,I,0.2104
N,140,K,0.2105
N,140,L,0.1952
N,140,M,0.2747
N,140,P,0.2238
N,140,Q,0.2164
N,140,R,0.242
N,140,S,0.0676
N,140,T,0.1141
N,140,V,0.1861
N,140,W,0.629
N,140,Y,0.1599
K,141,A,0.7363
K,141,C,0.8228
K,141,D,0.8581
K,141,E,0.5979
K,141,F,0.9599
K,141,G,0.8047
K,141,H,0.5475
K,141,I,0.8054
K,141,L,0.6816
K,141,M,0.5795
K,141,N,0.7673
K,141,P,0.9671
K,141,Q,0.3097
K,141,R,0.0902
K,141,S,0.7973
K,141,T,0.5803
K,141,V,0.7284
K,141,W,0.9346
K,141,Y,0.8722
I,142,A,0.9564
I,142,C,0.9653
I,142,D,0.9941
I,142,E,0.9889
I,142,F,0.7995
I,142,G,0.9891
I,142,H,0.9855
I,142,K,0.9808
I,142,L,0.4486
I,142,M,0.5061
I,142,N,0.9368
I,142,P,0.9766
I,142,Q,0.9826
I,142,R,0.973
I,142,S,0.9422
I,142,T,0.9269
I,142,V,0.1888
I,142,W,0.9916
I,142,Y,0.9613
L,143,A,0.5479
L,143,C,0.7101
L,143,D,0.9123
L,143,E,0.6321
L,143,F,0.2218
L,143,G,0.7857
L,143,H,0.4231
L,143,I,0.1521
L,143,K,0.5934
L,143,M,0.2002
L,143,N,0.6816
L,143,P,0.7061
L,143,Q,0.3355
L,143,R,0.4962
L,143,S,0.5813
L,143,T,0.4659
L,143,V,0.177
L,143,W,0.4597
L,143,Y,0.5691
P,144,A,0.1794
P,144,C,0.6914
P,144,D,0.7121
P,144,E,0.6223
P,144,F,0.8635
P,144,G,0.5579
P,144,H,0.4981
P,144,I,0.7658
P,144,K,0.7625
P,144,L,0.3446
P,144,M,0.6787
P,144,N,0.6663
P,144,Q,0.4626
P,144,R,0.5581
P,144,S,0.316
P,144,T,0.3257
P,144,V,0.5302
P,144,W,0.891
P,144,Y,0.8059
V,145,A,0.6396
V,145,C,0.8415
V,145,D,0.9745
V,145,E,0.9505
V,145,F,0.8338
V,145,G,0.8254
V,145,H,0.9798
V,145,I,0.1507
V,145,K,0.9737
V,145,L,0.6776
V,145,M,0.6759
V,145,N,0.9164
V,145,P,0.9794
V,145,Q,0.9319
V,145,R,0.9463
V,145,S,0.7238
V,145,T,0.607
V,145,W,0.996
V,145,Y,0.9758
L,146,A,0.8513
L,146,C,0.8911
L,146,D,0.996
L,146,E,0.9802
L,146,F,0.7476
L,146,G,0.978
L,146,H,0.9696
L,146,I,0.0594
L,146,K,0.9757
L,146,M,0.3219
L,146,N,0.9653
L,146,P,0.9601
L,146,Q,0.9501
L,146,R,0.9662
L,146,S,0.9421
L,146,T,0.7524
L,146,V,0.0958
L,146,W,0.9646
L,146,Y,0.9691
P,147,A,0.5962
P,147,C,0.9165
P,147,D,0.9446
P,147,E,0.8973
P,147,F,0.9734
P,147,G,0.8573
P,147,H,0.7011
P,147,I,0.9613
P,147,K,0.9432
P,147,L,0.7732
P,147,M,0.9466
P,147,N,0.9317
P,147,Q,0.7728
P,147,R,0.8222
P,147,S,0.6747
P,147,T,0.7764
P,147,V,0.9022
P,147,W,0.9706
P,147,Y,0.9474
Q,148,A,0.4784
Q,148,C,0.901
Q,148,D,0.8423
Q,148,E,0.2222
Q,148,F,0.9054
Q,148,G,0.6034
Q,148,H,0.6542
Q,148,I,0.7828
Q,148,K,0.3692
Q,148,L,0.3722
Q,148,M,0.5723
Q,148,N,0.6802
Q,148,P,0.7491
Q,148,R,0.3654
Q,148,S,0.5063
Q,148,T,0.5726
Q,148,V,0.5982
Q,148,W,0.8878
Q,148,Y,0.8361
L,149,A,0.9309
L,149,C,0.8997
L,149,D,0.9988
L,149,E,0.9941
L,149,F,0.9447
L,149,G,0.9863
L,149,H,0.9927
L,149,I,0.3347
L,149,K,0.9939
L,149,M,0.5112
L,149,N,0.9892
L,149,P,0.9973
L,149,Q,0.9828
L,149,R,0.9885
L,149,S,0.9856
L,149,T,0.9438
L,149,V,0.3819
L,149,W,0.9892
L,149,Y,0.9909
I,150,A,0.9264
I,150,C,0.9458
I,150,D,0.9974
I,150,E,0.9918
I,150,F,0.8305
I,150,G,0.9893
I,150,H,0.9893
I,150,K,0.9821
I,150,L,0.5367
I,150,M,0.5103
I,150,N,0.9641
I,150,P,0.9893
I,150,Q,0.9811
I,150,R,0.9651
I,150,S,0.9348
I,150,T,0.9015
I,150,V,0.1754
I,150,W,0.991
I,150,Y,0.9795
I,151,A,0.6998
I,151,C,0.8653
I,151,D,0.9464
I,151,E,0.8842
I,151,F,0.2683
I,151,G,0.8522
I,151,H,0.8041
I,151,K,0.7136
I,151,L,0.133
I,151,M,0.1472
I,151,N,0.6614
I,151,P,0.8359
I,151,Q,0.7192
I,151,R,0.6459
I,151,S,0.6531
I,151,T,0.6804
I,151,V,0.1716
I,151,W,0.8711
I,151,Y,0.6954
P,152,A,0.7364
P,152,C,0.9698
P,152,D,0.9925
P,152,E,0.9869
P,152,F,0.9952
P,152,G,0.9585
P,152,H,0.9474
P,152,I,0.9857
P,152,K,0.9901
P,152,L,0.9293
P,152,M,0.9882
P,152,N,0.9854
P,152,Q,0.9578
P,152,R,0.9613
P,152,S,0.8839
P,152,T,0.9114
P,152,V,0.9556
P,152,W,0.9966
P,152,Y,0.9914
I,153,A,0.9169
I,153,C,0.9571
I,153,D,0.9992
I,153,E,0.9956
I,153,F,0.6821
I,153,G,0.9928
I,153,H,0.997
I,153,K,0.9942
I,153,L,0.2003
I,153,M,0.2404
I,153,N,0.9905
I,153,P,0.9962
I,153,Q,0.9919
I,153,R,0.9912
I,153,S,0.9674
I,153,T,0.9198
I,153,V,0.1116
I,153,W,0.9916
I,153,Y,0.9834
K,154,A,0.9586
K,154,C,0.9378
K,154,D,0.9927
K,154,E,0.9168
K,154,F,0.9961
K,154,G,0.9495
K,154,H,0.8745
K,154,I,0.9656
K,154,L,0.9601
K,154,M,0.9307
K,154,N,0.9794
K,154,P,0.9959
K,154,Q,0.6377
K,154,R,0.1164
K,154,S,0.9666
K,154,T,0.8805
K,154,V,0.9413
K,154,W,0.9841
K,154,Y,0.9789
N,155,A,0.4353
N,155,C,0.4837
N,155,D,0.2432
N,155,E,0.4808
N,155,F,0.8165
N,155,G,0.5057
N,155,H,0.2342
N,155,I,0.5115
N,155,K,0.4506
N,155,L,0.5055
N,155,M,0.4925
N,155,P,0.9874
N,155,Q,0.4766
N,155,R,0.529
N,155,S,0.1977
N,155,T,0.2522
N,155,V,0.4623
N,155,W,0.8961
N,155,Y,0.2944
A,156,C,0.7997
A,156,D,0.9862
A,156,E,0.9855
A,156,F,0.9828
A,156,G,0.5116
A,156,H,0.9718
A,156,I,0.9726
A,156,K,0.9956
A,156,L,0.915
A,156,M,0.9479
A,156,N,0.8918
A,156,P,0.9915
A,156,Q,0.955
A,156,R,0.9688
A,156,S,0.2398
A,156,T,0.7669
A,156,V,0.8888
A,156,W,0.9962
A,156,Y,0.9832
L,157,A,0.9511
L,157,C,0.8933
L,157,D,0.9992
L,157,E,0.9962
L,157,F,0.589
L,157,G,0.9867
L,157,H,0.9875
L,157,I,0.5376
L,157,K,0.9929
L,157,M,0.3651
L,157,N,0.9949
L,157,P,0.9966
L,157,Q,0.9794
L,157,R,0.9835
L,157,S,0.9875
L,157,T,0.9629
L,157,V,0.526
L,157,W,0.9295
L,157,Y,0.9772
N,158,A,0.2802
N,158,C,0.2717
N,158,D,0.3495
N,158,E,0.6832
N,158,F,0.7399
N,158,G,0.307
N,158,H,0.2212
N,158,I,0.4939
N,158,K,0.7731
N,158,L,0.3599
N,158,M,0.4276
N,158,P,0.9643
N,158,Q,0.5366
N,158,R,0.7382
N,158,S,0.073
N,158,T,0.223
N,158,V,0.4446
N,158,W,0.8883
N,158,Y,0.3221
L,159,A,0.5722
L,159,C,0.6309
L,159,D,0.9641
L,159,E,0.7631
L,159,F,0.5062
L,159,G,0.7923
L,159,H,0.5467
L,159,I,0.2506
L,159,K,0.536
L,159,M,0.1754
L,159,N,0.7529
L,159,P,0.9516
L,159,Q,0.3396
L,159,R,0.4153
L,159,S,0.5741
L,159,T,0.1872
L,159,V,0.1855
L,159,W,0.7067
L,159,Y,0.7746
R,160,A,0.9928
R,160,C,0.7332
R,160,D,0.9964
R,160,E,0.9777
R,160,F,0.9949
R,160,G,0.9409
R,160,H,0.652
R,160,I,0.9953
R,160,K,0.6046
R,160,L,0.971
R,160,M,0.9896
R,160,N,0.9939
R,160,P,0.9926
R,160,Q,0.6556
R,160,S,0.994
R,160,T,0.994
R,160,V,0.9944
R,160,W,0.8389
R,160,Y,0.9684
N,161,A,0.7383
N,161,C,0.3806
N,161,D,0.304
N,161,E,0.7266
N,161,F,0.9215
N,161,G,0.8083
N,161,H,0.2093
N,161,I,0.5276
N,161,K,0.6244
N,161,L,0.7076
N,161,M,0.7293
N,161,P,0.9669
N,161,Q,0.5745
N,161,R,0.6447
N,161,S,0.1661
N,161,T,0.495
N,161,V,0.5377
N,161,W,0.9392
N,161,Y,0.4726
R,162,A,0.523
R,162,C,0.2033
R,162,D,0.7229
R,162,E,0.4131
R,162,F,0.6651
R,162,G,0.3242
R,162,H,0.1197
R,162,I,0.3975
R,162,K,0.1214
R,162,L,0.3497
R,162,M,0.4644
R,162,N,0.6283
R,162,P,0.3297
R,162,Q,0.115
R,162,S,0.5439
R,162,T,0.3563
R,162,V,0.4829
R,162,W,0.2223
R,162,Y,0.4623
Q,163,A,0.2491
Q,163,C,0.7864
Q,163,D,0.4287
Q,163,E,0.1017
Q,163,F,0.8323
Q,163,G,0.3425
Q,163,H,0.2968
Q,163,I,0.5932
Q,163,K,0.1132
Q,163,L,0.2445
Q,163,M,0.5199
Q,163,N,0.3479
Q,163,P,0.1542
Q,163,R,0.1366
Q,163,S,0.3184
Q,163,T,0.2782
Q,163,V,0.4157
Q,163,W,0.7012
Q,163,Y,0.6356
V,164,A,0.7937
V,164,C,0.9543
V,164,D,0.9633
V,164,E,0.9371
V,164,F,0.8339
V,164,G,0.7543
V,164,H,0.9796
V,164,I,0.1146
V,164,K,0.9496
V,164,L,0.7836
V,164,M,0.7012
V,164,N,0.8602
V,164,P,0.9729
V,164,Q,0.9332
V,164,R,0.93
V,164,S,0.8534
V,164,T,0.7346
V,164,W,0.9934
V,164,Y,0.9653
I,165,A,0.7921
I,165,C,0.8537
I,165,D,0.994
I,165,E,0.9846
I,165,F,0.5675
I,165,G,0.9628
I,165,H,0.97
I,165,K,0.9666
I,165,L,0.1041
I,165,M,0.1342
I,165,N,0.8851
I,165,P,0.9882
I,165,Q,0.947
I,165,R,0.9488
I,165,S,0.8343
I,165,T,0.7262
I,165,V,0.1218
I,165,W,0.982
I,165,Y,0.9467
C,166,A,0.6012
C,166,D,0.9851
C,166,E,0.982
C,166,F,0.7261
C,166,G,0.4157
C,166,H,0.94
C,166,I,0.8029
C,166,K,0.9793
C,166,L,0.8192
C,166,M,0.8851
C,166,N,0.933
C,166,P,0.9847
C,166,Q,0.9349
C,166,R,0.8527
C,166,S,0.5736
C,166,T,0.7485
C,166,V,0.6867
C,166,W,0.9291
C,166,Y,0.8795
V,167,A,0.363
V,167,C,0.7043
V,167,D,0.6572
V,167,E,0.6678
V,167,F,0.3198
V,167,G,0.3878
V,167,H,0.7697
V,167,I,0.0823
V,167,K,0.6948
V,167,L,0.3342
V,167,M,0.232
V,167,N,0.3901
V,167,P,0.9338
V,167,Q,0.6043
V,167,R,0.6132
V,167,S,0.3461
V,167,T,0.2043
V,167,W,0.9091
V,167,Y,0.7578
T,168,A,0.2758
T,168,C,0.6382
T,168,D,0.9898
T,168,E,0.9772
T,168,F,0.9154
T,168,G,0.8098
T,168,H,0.9589
T,168,I,0.5505
T,168,K,0.9777
T,168,L,0.5348
T,168,M,0.2349
T,168,N,0.8044
T,168,P,0.9218
T,168,Q,0.9052
T,168,R,0.9674
T,168,S,0.4434
T,168,V,0.3027
T,168,W,0.9914
T,168,Y,0.9657
L,169,A,0.8743
L,169,C,0.7821
L,169,D,0.9989
L,169,E,0.9929
L,169,F,0.8414
L,169,G,0.9634
L,169,H,0.9887
L,169,I,0.6083
L,169,K,0.9933
L,169,M,0.3437
L,169,N,0.9894
L,169,P,0.9955
L,169,Q,0.9654
L,169,R,0.9842
L,169,S,0.9644
L,169,T,0.9148
L,169,V,0.4822
L,169,W,0.9822
L,169,Y,0.9889
K,170,A,0.95
K,170,C,0.9632
K,170,D,0.9862
K,170,E,0.924
K,170,F,0.9895
K,170,G,0.966
K,170,H,0.8092
K,170,I,0.9539
K,170,L,0.8985
K,170,M,0.8749
K,170,N,0.974
K,170,P,0.9925
K,170,Q,0.7548
K,170,R,0.2251
K,170,S,0.9716
K,170,T,0.8855
K,170,V,0.9295
K,170,W,0.9794
K,170,Y,0.9652
V,171,A,0.5951
V,171,C,0.8863
V,171,D,0.9757
V,171,E,0.9548
V,171,F,0.799
V,171,G,0.6917
V,171,H,0.9858
V,171,I,0.1472
V,171,K,0.9788
V,171,L,0.7942
V,171,M,0.7096
V,171,N,0.9335
V,171,P,0.994
V,171,Q,0.9551
V,171,R,0.9645
V,171,S,0.7419
V,171,T,0.6961
V,171,W,0.9947
V,171,Y,0.9608
L,172,A,0.9278
L,172,C,0.9109
L,172,D,0.9989
L,172,E,0.9903
L,172,F,0.6969
L,172,G,0.9912
L,172,H,0.9842
L,172,I,0.1527
L,172,K,0.9911
L,172,M,0.2476
L,172,N,0.9912
L,172,P,0.9963
L,172,Q,0.9632
L,172,R,0.9869
L,172,S,0.9733
L,172,T,0.8851
L,172,V,0.2758
L,172,W,0.9459
L,172,Y,0.9773
Q,173,A,0.8781
Q,173,C,0.9863
Q,173,D,0.9957
Q,173,E,0.4966
Q,173,F,0.9965
Q,173,G,0.8987
Q,173,H,0.9824
Q,173,I,0.9492
Q,173,K,0.7723
Q,173,L,0.8477
Q,173,M,0.9108
Q,173,N,0.9771
Q,173,P,0.9869
Q,173,R,0.768
Q,173,S,0.9078
Q,173,T,0.9126
Q,173,V,0.9227
Q,173,W,0.9954
Q,173,Y,0.9959
H,174,A,0.8856
H,174,C,0.6066
H,174,D,0.8333
H,174,E,0.8816
H,174,F,0.8065
H,174,G,0.9144
H,174,I,0.9038
H,174,K,0.7711
H,174,L,0.5533
H,174,M,0.8794
H,174,N,0.6141
H,174,P,0.9614
H,174,Q,0.7123
H,174,R,0.5832
H,174,S,0.8537
H,174,T,0.9053
H,174,V,0.8669
H,174,W,0.8081
H,174,Y,0.4488
L,175,A,0.9246
L,175,C,0.9188
L,175,D,0.9992
L,175,E,0.9946
L,175,F,0.7495
L,175,G,0.9906
L,175,H,0.9866
L,175,I,0.3887
L,175,K,0.9923
L,175,M,0.3045
L,175,N,0.9964
L,175,P,0.9977
L,175,Q,0.9772
L,175,R,0.9843
L,175,S,0.9858
L,175,T,0.9327
L,175,V,0.3963
L,175,W,0.9662
L,175,Y,0.9821
V,176,A,0.3586
V,176,C,0.885
V,176,D,0.9857
V,176,E,0.9649
V,176,F,0.8698
V,176,G,0.7085
V,176,H,0.9908
V,176,I,0.1649
V,176,K,0.9866
V,176,L,0.6442
V,176,M,0.7228
V,176,N,0.9628
V,176,P,0.9833
V,176,Q,0.9653
V,176,R,0.97
V,176,S,0.6893
V,176,T,0.5097
V,176,W,0.9963
V,176,Y,0.9855
V,177,A,0.2265
V,177,C,0.6067
V,177,D,0.4884
V,177,E,0.3383
V,177,F,0.168
V,177,G,0.2318
V,177,H,0.6134
V,177,I,0.0957
V,177,K,0.4036
V,177,L,0.2014
V,177,M,0.1488
V,177,N,0.4053
V,177,P,0.9034
V,177,Q,0.3328
V,177,R,0.3624
V,177,S,0.2632
V,177,T,0.2202
V,177,W,0.7951
V,177,Y,0.5503
S,178,A,0.1558
S,178,C,0.2138
S,178,D,0.9714
S,178,E,0.9558
S,178,F,0.9127
S,178,G,0.2983
S,178,H,0.9434
S,178,I,0.8626
S,178,K,0.9924
S,178,L,0.6438
S,178,M,0.8017
S,178,N,0.8761
S,178,P,0.9484
S,178,Q,0.9502
S,178,R,0.9828
S,178,T,0.3371
S,178,V,0.7224
S,178,W,0.9435
S,178,Y,0.8814
A,179,C,0.4574
A,179,D,0.537
A,179,E,0.5652
A,179,F,0.8419
A,179,G,0.1147
A,179,H,0.7701
A,179,I,0.8746
A,179,K,0.8572
A,179,L,0.6991
A,179,M,0.6812
A,179,N,0.5475
A,179,P,0.9234
A,179,Q,0.6305
A,179,R,0.7451
A,179,S,0.1021
A,179,T,0.2266
A,179,V,0.5453
A,179,W,0.9576
A,179,Y,0.8793
E,180,A,0.2154
E,180,C,0.8004
E,180,D,0.0649
E,180,F,0.8365
E,180,G,0.151
E,180,H,0.4825
E,180,I,0.6159
E,180,K,0.1939
E,180,L,0.5794
E,180,M,0.6947
E,180,N,0.1988
E,180,P,0.2531
E,180,Q,0.1937
E,180,R,0.3033
E,180,S,0.2013
E,180,T,0.3336
E,180,V,0.3683
E,180,W,0.9095
E,180,Y,0.6825
M,181,A,0.3397
M,181,C,0.5387
M,181,D,0.4834
M,181,E,0.3579
M,181,F,0.3392
M,181,G,0.3599
M,181,H,0.3592
M,181,I,0.5164
M,181,K,0.1735
M,181,L,0.1309
M,181,N,0.2529
M,181,P,0.8559
M,181,Q,0.2601
M,181,R,0.2037
M,181,S,0.3186
M,181,T,0.2045
M,181,V,0.1508
M,181,W,0.5005
M,181,Y,0.3844
V,182,A,0.3006
V,182,C,0.9129
V,182,D,0.962
V,182,E,0.9258
V,182,F,0.8474
V,182,G,0.6275
V,182,H,0.9892
V,182,I,0.1508
V,182,K,0.9725
V,182,L,0.7816
V,182,M,0.7065
V,182,N,0.939
V,182,P,0.9385
V,182,Q,0.9487
V,182,R,0.9472
V,182,S,0.6692
V,182,T,0.4337
V,182,W,0.9951
V,182,Y,0.9817
G,183,A,0.7548
G,183,C,0.9419
G,183,D,0.9807
G,183,E,0.9753
G,183,F,0.9947
G,183,H,0.9958
G,183,I,0.9878
G,183,K,0.9946
G,183,L,0.9906
G,183,M,0.995
G,183,N,0.9901
G,183,P,0.9891
G,183,Q,0.988
G,183,R,0.9825
G,183,S,0.7583
G,183,T,0.9659
G,183,V,0.9706
G,183,W,0.9848
G,183,Y,0.994
K,184,A,0.232
K,184,C,0.6143
K,184,D,0.4585
K,184,E,0.0514
K,184,F,0.811
K,184,G,0.4223
K,184,H,0.4007
K,184,I,0.2529
K,184,L,0.3222
K,184,M,0.2066
K,184,N,0.3799
K,184,P,0.4559
K,184,Q,0.0967
K,184,R,0.0971
K,184,S,0.372
K,184,T,0.1751
K,184,V,0.1924
K,184,W,0.852
K,184,Y,0.6661
A,185,C,0.6909
A,185,D,0.7389
A,185,E,0.6643
A,185,F,0.7369
A,185,G,0.432
A,185,H,0.8013
A,185,I,0.7636
A,185,K,0.911
A,185,L,0.6113
A,185,M,0.6063
A,185,N,0.6953
A,185,P,0.9614
A,185,Q,0.7095
A,185,R,0.8494
A,185,S,0.2066
A,185,T,0.3929
A,185,V,0.4697
A,185,W,0.9398
A,185,Y,0.7796
L,186,A,0.9375
L,186,C,0.9598
L,186,D,0.9991
L,186,E,0.995
L,186,F,0.6458
L,186,G,0.9927
L,186,H,0.9915
L,186,I,0.3168
L,186,K,0.9921
L,186,M,0.3216
L,186,N,0.996
L,186,P,0.9942
L,186,Q,0.983
L,186,R,0.987
L,186,S,0.9874
L,186,T,0.9489
L,186,V,0.3936
L,186,W,0.9408
L,186,Y,0.9774
V,187,A,0.8524
V,187,C,0.931
V,187,D,0.9731
V,187,E,0.9054
V,187,F,0.8181
V,187,G,0.8134
V,187,H,0.9776
V,187,I,0.1872
V,187,K,0.955
V,187,L,0.71
V,187,M,0.8042
V,187,N,0.9218
V,187,P,0.9587
V,187,Q,0.8998
V,187,R,0.9025
V,187,S,0.863
V,187,T,0.8317
V,187,W,0.9905
V,187,Y,0.9628
P,188,A,0.5836
P,188,C,0.9205
P,188,D,0.9088
P,188,E,0.8693
P,188,F,0.9627
P,188,G,0.8503
P,188,H,0.7864
P,188,I,0.9206
P,188,K,0.9048
P,188,L,0.7177
P,188,M,0.9241
P,188,N,0.9164
P,188,Q,0.7763
P,188,R,0.7527
P,188,S,0.748
P,188,T,0.7089
P,188,V,0.8297
P,188,W,0.969
P,188,Y,0.9385
Y,189,A,0.9481
Y,189,C,0.529
Y,189,D,0.9528
Y,189,E,0.9894
Y,189,F,0.1844
Y,189,G,0.9377
Y,189,H,0.7297
Y,189,I,0.9603
Y,189,K,0.9897
Y,189,L,0.9001
Y,189,M,0.9648
Y,189,N,0.8428
Y,189,P,0.9904
Y,189,Q,0.9755
Y,189,R,0.9565
Y,189,S,0.8128
Y,189,T,0.9592
Y,189,V,0.9049
Y,189,W,0.6094
Y,190,A,0.9723
Y,190,C,0.6618
Y,190,D,0.9791
Y,190,E,0.9918
Y,190,F,0.1703
Y,190,G,0.942
Y,190,H,0.906
Y,190,I,0.9209
Y,190,K,0.9921
Y,190,L,0.636
Y,190,M,0.9143
Y,190,N,0.9342
Y,190,P,0.9937
Y,190,Q,0.9834
Y,190,R,0.9747
Y,190,S,0.9118
Y,190,T,0.9714
Y,190,V,0.886
Y,190,W,0.7816
R,191,A,0.944
R,191,C,0.5611
R,191,D,0.9737
R,191,E,0.8854
R,191,F,0.952
R,191,G,0.8092
R,191,H,0.434
R,191,I,0.9071
R,191,K,0.482
R,191,L,0.8341
R,191,M,0.9143
R,191,N,0.9593
R,191,P,0.9395
R,191,Q,0.4062
R,191,S,0.9359
R,191,T,0.915
R,191,V,0.927
R,191,W,0.5599
R,191,Y,0.8729
Q,192,A,0.7016
Q,192,C,0.9671
Q,192,D,0.8976
Q,192,E,0.4097
Q,192,F,0.9545
Q,192,G,0.7756
Q,192,H,0.8471
Q,192,I,0.8632
Q,192,K,0.7136
Q,192,L,0.7003
Q,192,M,0.7009
Q,192,N,0.6313
Q,192,P,0.8808
Q,192,R,0.7712
Q,192,S,0.6408
Q,192,T,0.7269
Q,192,V,0.7705
Q,192,W,0.9612
Q,192,Y,0.9358
I,193,A,0.9808
I,193,C,0.979
I,193,D,0.9968
I,193,E,0.9944
I,193,F,0.6171
I,193,G,0.9948
I,193,H,0.9882
I,193,K,0.9853
I,193,L,0.1702
I,193,M,0.3886
I,193,N,0.9699
I,193,P,0.994
I,193,Q,0.9902
I,193,R,0.9843
I,193,S,0.9797
I,193,T,0.9786
I,193,V,0.3427
I,193,W,0.9823
I,193,Y,0.9398
L,194,A,0.958
L,194,C,0.956
L,194,D,0.9995
L,194,E,0.9971
L,194,F,0.9149
L,194,G,0.9871
L,194,H,0.9928
L,194,I,0.6629
L,194,K,0.9951
L,194,M,0.7218
L,194,N,0.9958
L,194,P,0.9944
L,194,Q,0.9891
L,194,R,0.9898
L,194,S,0.9898
L,194,T,0.9766
L,194,V,0.7318
L,194,W,0.9911
L,194,Y,0.9935
P,195,A,0.5664
P,195,C,0.9166
P,195,D,0.9664
P,195,E,0.9463
P,195,F,0.9594
P,195,G,0.7916
P,195,H,0.8015
P,195,I,0.9189
P,195,K,0.9513
P,195,L,0.717
P,195,M,0.9028
P,195,N,0.9206
P,195,Q,0.8067
P,195,R,0.857
P,195,S,0.6905
P,195,T,0.576
P,195,V,0.7893
P,195,W,0.9693
P,195,Y,0.9523
V,196,A,0.6239
V,196,C,0.8546
V,196,D,0.9336
V,196,E,0.9026
V,196,F,0.5535
V,196,G,0.7225
V,196,H,0.9561
V,196,I,0.0776
V,196,K,0.9429
V,196,L,0.4207
V,196,M,0.3158
V,196,N,0.8012
V,196,P,0.7648
V,196,Q,0.8759
V,196,R,0.9186
V,196,S,0.6709
V,196,T,0.5765
V,196,W,0.9775
V,196,Y,0.922
L,197,A,0.8446
L,197,C,0.5345
L,197,D,0.9963
L,197,E,0.9852
L,197,F,0.2265
L,197,G,0.9498
L,197,H,0.9541
L,197,I,0.407
L,197,K,0.9812
L,197,M,0.1764
L,197,N,0.9804
L,197,P,0.8944
L,197,Q,0.9285
L,197,R,0.9576
L,197,S,0.9546
L,197,T,0.8941
L,197,V,0.3748
L,197,W,0.7902
L,197,Y,0.9023
N,198,A,0.5856
N,198,C,0.3884
N,198,D,0.7787
N,198,E,0.9454
N,198,F,0.9463
N,198,G,0.6017
N,198,H,0.4852
N,198,I,0.8161
N,198,K,0.9375
N,198,L,0.6935
N,198,M,0.8194
N,198,P,0.9704
N,198,Q,0.8413
N,198,R,0.8466
N,198,S,0.1486
N,198,T,0.5661
N,198,V,0.7069
N,198,W,0.9682
N,198,Y,0.6462
I,199,A,0.6834
I,199,C,0.7917
I,199,D,0.9549
I,199,E,0.9402
I,199,F,0.4834
I,199,G,0.9108
I,199,H,0.8517
I,199,K,0.8633
I,199,L,0.1336
I,199,M,0.1918
I,199,N,0.6765
I,199,P,0.9804
I,199,Q,0.8393
I,199,R,0.7602
I,199,S,0.6506
I,199,T,0.5677
I,199,V,0.1649
I,199,W,0.9451
I,199,Y,0.7608
F,200,A,0.9893
F,200,C,0.9063
F,200,D,0.9976
F,200,E,0.9965
F,200,G,0.991
F,200,H,0.9553
F,200,I,0.9596
F,200,K,0.9945
F,200,L,0.9843
F,200,M,0.9579
F,200,N,0.9899
F,200,P,0.9994
F,200,Q,0.987
F,200,R,0.9807
F,200,S,0.9797
F,200,T,0.9889
F,200,V,0.9399
F,200,W,0.8305
F,200,Y,0.4638
K,201,A,0.9169
K,201,C,0.837
K,201,D,0.9909
K,201,E,0.8614
K,201,F,0.9708
K,201,G,0.9392
K,201,H,0.8149
K,201,I,0.704
K,201,L,0.7592
K,201,M,0.704
K,201,N,0.9728
K,201,P,0.9865
K,201,Q,0.5235
K,201,R,0.1427
K,201,S,0.9468
K,201,T,0.8198
K,201,V,0.7023
K,201,W,0.9374
K,201,Y,0.9125
N,202,A,0.4326
N,202,C,0.3785
N,202,D,0.2671
N,202,E,0.6107
N,202,F,0.7202
N,202,G,0.3677
N,202,H,0.2111
N,202,I,0.4938
N,202,K,0.6058
N,202,L,0.4997
N,202,M,0.5018
N,202,P,0.8161
N,202,Q,0.536
N,202,R,0.6121
N,202,S,0.1647
N,202,T,0.2546
N,202,V,0.4259
N,202,W,0.8462
N,202,Y,0.2689
M,203,A,0.4954
M,203,C,0.4987
M,203,D,0.8187
M,203,E,0.5358
M,203,F,0.4104
M,203,G,0.6654
M,203,H,0.4532
M,203,I,0.507
M,203,K,0.1271
M,203,L,0.1779
M,203,N,0.5295
M,203,P,0.9222
M,203,Q,0.2072
M,203,R,0.149
M,203,S,0.4876
M,203,T,0.3048
M,203,V,0.1116
M,203,W,0.5405
M,203,Y,0.4994
N,204,A,0.6714
N,204,C,0.7174
N,204,D,0.4704
N,204,E,0.7579
N,204,F,0.9171
N,204,G,0.5986
N,204,H,0.4437
N,204,I,0.722
N,204,K,0.6967
N,204,L,0.7486
N,204,M,0.7895
N,204,P,0.7594
N,204,Q,0.7461
N,204,R,0.6114
N,204,S,0.3172
N,204,T,0.4345
N,204,V,0.6812
N,204,W,0.936
N,204,Y,0.5292
G,205,A,0.1566
G,205,C,0.1772
G,205,D,0.159
G,205,E,0.1831
G,205,F,0.4032
G,205,H,0.3928
G,205,I,0.2144
G,205,K,0.3961
G,205,L,0.3435
G,205,M,0.4513
G,205,N,0.3116
G,205,P,0.5697
G,205,Q,0.3476
G,205,R,0.2921
G,205,S,0.1575
G,205,T,0.1987
G,205,V,0.1164
G,205,W,0.3692
G,205,Y,0.3245
S,206,A,0.0794
S,206,C,0.071
S,206,D,0.1051
S,206,E,0.1423
S,206,F,0.131
S,206,G,0.0651
S,206,H,0.1293
S,206,I,0.111
S,206,K,0.1919
S,206,L,0.1173
S,206,M,0.1791
S,206,N,0.0795
S,206,P,0.0849
S,206,Q,0.1766
S,206,R,0.1617
S,206,T,0.0804
S,206,V,0.1133
S,206,W,0.154
S,206,Y,0.0999
Y,207,A,0.1114
Y,207,C,0.0636
Y,207,D,0.0749
Y,207,E,0.1797
Y,207,F,0.0736
Y,207,G,0.101
Y,207,H,0.0931
Y,207,I,0.1531
Y,207,K,0.1847
Y,207,L,0.1403
Y,207,M,0.2769
Y,207,N,0.0755
Y,207,P,0.1493
Y,207,Q,0.1584
Y,207,R,0.1193
Y,207,S,0.0608
Y,207,T,0.1147
Y,207,V,0.1118
Y,207,W,0.1893
S,208,A,0.0678
S,208,C,0.0696
S,208,D,0.1379
S,208,E,0.1691
S,208,F,0.0983
S,208,G,0.0744
S,208,H,0.1155
S,208,I,0.0983
S,208,K,0.2172
S,208,L,0.0861
S,208,M,0.1624
S,208,N,0.098
S,208,P,0.0689
S,208,Q,0.1729
S,208,R,0.157
S,208,T,0.074
S,208,V,0.0994
S,208,W,0.1385
S,208,Y,0.0833
L,209,A,0.0816
L,209,C,0.1561
L,209,D,0.1712
L,209,E,0.1133
L,209,F,0.0678
L,209,G,0.1363
L,209,H,0.0872
L,209,I,0.0764
L,209,K,0.1022
L,209,M,0.095
L,209,N,0.1247
L,209,P,0.0725
L,209,Q,0.0757
L,209,R,0.0738
L,209,S,0.0744
L,209,T,0.0884
L,209,V,0.0658
L,209,W,0.0898
L,209,Y,0.1186
P,210,A,0.079
P,210,C,0.205
P,210,D,0.1723
P,210,E,0.1329
P,210,F,0.2384
P,210,G,0.1304
P,210,H,0.103
P,210,I,0.199
P,210,K,0.1417
P,210,L,0.1024
P,210,M,0.2317
P,210,N,0.165
P,210,Q,0.0925
P,210,R,0.0946
P,210,S,0.0862
P,210,T,0.0908
P,210,V,0.1415
P,210,W,0.263
P,210,Y,0.1917
R,211,A,0.13
R,211,C,0.1124
R,211,D,0.1922
R,211,E,0.1409
R,211,F,0.1965
R,211,G,0.0845
R,211,H,0.0914
R,211,I,0.1274
R,211,K,0.0923
R,211,L,0.1042
R,211,M,0.1579
R,211,N,0.2091
R,211,P,0.1218
R,211,Q,0.0841
R,211,S,0.1479
R,211,T,0.1136
R,211,V,0.1451
R,211,W,0.1182
R,211,Y,0.1766
L,212,A,0.1018
L,212,C,0.2135
L,212,D,0.2319
L,212,E,0.1289
L,212,F,0.0872
L,212,G,0.153
L,212,H,0.1145
L,212,I,0.0913
L,212,K,0.1049
L,212,M,0.0923
L,212,N,0.1642
L,212,P,0.0854
L,212,Q,0.0801
L,212,R,0.0788
L,212,S,0.1109
L,212,T,0.1026
L,212,V,0.0793
L,212,W,0.0978
L,212,Y,0.1668
E,213,A,0.0938
E,213,C,0.3335
E,213,D,0.0902
E,213,F,0.2953
E,213,G,0.0806
E,213,H,0.158
E,213,I,0.1956
E,213,K,0.1069
E,213,L,0.1751
E,213,M,0.2714
E,213,N,0.1428
E,213,P,0.1538
E,213,Q,0.0799
E,213,R,0.1097
E,213,S,0.1083
E,213,T,0.1315
E,213,V,0.1297
E,213,W,0.4261
E,213,Y,0.232
C,214,A,0.1597
C,214,D,0.1755
C,214,E,0.2911
C,214,F,0.0965
C,214,G,0.0823
C,214,H,0.1871
C,214,I,0.2218
C,214,K,0.2868
C,214,L,0.2013
C,214,M,0.3439
C,214,N,0.1601
C,214,P,0.2666
C,214,Q,0.25
C,214,R,0.1463
C,214,S,0.1217
C,214,T,0.1926
C,214,V,0.1943
C,214,W,0.2055
C,214,Y,0.0965
S,215,A,0.0795
S,215,C,0.0773
S,215,D,0.1564
S,215,E,0.1937
S,215,F,0.1397
S,215,G,0.0663
S,215,H,0.1388
S,215,I,0.1325
S,215,K,0.2326
S,215,L,0.1059
S,215,M,0.205
S,215,N,0.0929
S,215,P,0.0813
S,215,Q,0.2003
S,215,R,0.1673
S,215,T,0.0794
S,215,V,0.1354
S,215,W,0.1686
S,215,Y,0.1211
G,216,A,0.0827
G,216,C,0.1085
G,216,D,0.0993
G,216,E,0.1106
G,216,F,0.2344
G,216,H,0.16
G,216,I,0.1553
G,216,K,0.169
G,216,L,0.1805
G,216,M,0.2432
G,216,N,0.1519
G,216,P,0.2523
G,216,Q,0.1549
G,216,R,0.1189
G,216,S,0.0813
G,216,T,0.0974
G,216,V,0.1052
G,216,W,0.1717
G,216,Y,0.1766
A,217,C,0.2013
A,217,D,0.1036
A,217,E,0.1079
A,217,F,0.144
A,217,G,0.077
A,217,H,0.1838
A,217,I,0.1317
A,217,K,0.1549
A,217,L,0.101
A,217,M,0.1356
A,217,N,0.1183
A,217,P,0.096
A,217,Q,0.1477
A,217,R,0.1318
A,217,S,0.0766
A,217,T,0.0713
A,217,V,0.0872
A,217,W,0.2846
A,217,Y,0.1815
I,218,A,0.1163
I,218,C,0.299
I,218,D,0.2343
I,218,E,0.2184
I,218,F,0.0844
I,218,G,0.2223
I,218,H,0.229
I,218,K,0.177
I,218,L,0.0745
I,218,M,0.0824
I,218,N,0.1189
I,218,P,0.2335
I,218,Q,0.1918
I,218,R,0.1202
I,218,S,0.1184
I,218,T,0.1283
I,218,V,0.0641
I,218,W,0.3555
I,218,Y,0.2212
M,219,A,0.1027
M,219,C,0.3108
M,219,D,0.2639
M,219,E,0.1601
M,219,F,0.1564
M,219,G,0.176
M,219,H,0.1804
M,219,I,0.1393
M,219,K,0.0952
M,219,L,0.085
M,219,N,0.1828
M,219,P,0.1523
M,219,Q,0.1194
M,219,R,0.0858
M,219,S,0.1248
M,219,T,0.066
M,219,V,0.0684
M,219,W,0.2362
M,219,Y,0.242
A,220,C,0.2397
A,220,D,0.1301
A,220,E,0.1212
A,220,F,0.1936
A,220,G,0.0809
A,220,H,0.2176
A,220,I,0.1908
A,220,K,0.2025
A,220,L,0.1181
A,220,M,0.1905
A,220,N,0.1478
A,220,P,0.1041
A,220,Q,0.1586
A,220,R,0.1602
A,220,S,0.0789
A,220,T,0.0848
A,220,V,0.1099
A,220,W,0.3492
A,220,Y,0.2232
R,221,A,0.1269
R,221,C,0.095
R,221,D,0.1576
R,221,E,0.1464
R,221,F,0.1892
R,221,G,0.079
R,221,H,0.0796
R,221,I,0.1404
R,221,K,0.1048
R,221,L,0.1076
R,221,M,0.1915
R,221,N,0.1799
R,221,P,0.122
R,221,Q,0.0846
R,221,S,0.1338
R,221,T,0.1165
R,221,V,0.1573
R,221,W,0.1154
R,221,Y,0.1556
C,222,A,0.1966
C,222,D,0.2179
C,222,E,0.3061
C,222,F,0.1187
C,222,G,0.0906
C,222,H,0.1944
C,222,I,0.2866
C,222,K,0.3016
C,222,L,0.2291
C,222,M,0.3973
C,222,N,0.1929
C,222,P,0.3049
C,222,Q,0.239
C,222,R,0.1435
C,222,S,0.1398
C,222,T,0.2328
C,222,V,0.2429
C,222,W,0.18
C,222,Y,0.1181
N,223,A,0.0968
N,223,C,0.1006
N,223,D,0.0797
N,223,E,0.1559
N,223,F,0.2062
N,223,G,0.1134
N,223,H,0.0648
N,223,I,0.1082
N,223,K,0.1227
N,223,L,0.1089
N,223,M,0.2051
N,223,P,0.1123
N,223,Q,0.1291
N,223,R,0.1061
N,223,S,0.0579
N,223,T,0.0791
N,223,V,0.1084
N,223,W,0.3325
N,223,Y,0.0879
L,224,A,0.09
L,224,C,0.1962
L,224,D,0.2145
L,224,E,0.1396
L,224,F,0.0812
L,224,G,0.1513
L,224,H,0.1029
L,224,I,0.0812
L,224,K,0.1207
L,224,M,0.0946
L,224,N,0.1592
L,224,P,0.0908
L,224,Q,0.0868
L,224,R,0.0805
L,224,S,0.0991
L,224,T,0.0905
L,224,V,0.0733
L,224,W,0.1023
L,224,Y,0.1539
D,225,A,0.0876
D,225,C,0.1804
D,225,E,0.0984
D,225,F,0.2137
D,225,G,0.078
D,225,H,0.0902
D,225,I,0.1586
D,225,K,0.1291
D,225,L,0.1352
D,225,M,0.2952
D,225,N,0.0817
D,225,P,0.1555
D,225,Q,0.1081
D,225,R,0.1108
D,225,S,0.0784
D,225,T,0.1186
D,225,V,0.1093
D,225,W,0.3735
D,225,Y,0.0899
H,226,A,0.0906
H,226,C,0.0879
H,226,D,0.0801
H,226,E,0.1162
H,226,F,0.1338
H,226,G,0.1025
H,226,I,0.1157
H,226,K,0.1159
H,226,L,0.0707
H,226,M,0.1954
H,226,N,0.0693
H,226,P,0.0683
H,226,Q,0.0879
H,226,R,0.0665
H,226,S,0.0818
H,226,T,0.095
H,226,V,0.0969
H,226,W,0.1739
H,226,Y,0.073
L,227,A,0.0725
L,227,C,0.141
L,227,D,0.1733
L,227,E,0.115
L,227,F,0.07
L,227,G,0.1235
L,227,H,0.079
L,227,I,0.0769
L,227,K,0.1018
L,227,M,0.0922
L,227,N,0.1311
L,227,P,0.0629
L,227,Q,0.0701
L,227,R,0.0667
L,227,S,0.0776
L,227,T,0.0777
L,227,V,0.0701
L,227,W,0.0849
L,227,Y,0.1273
G,228,A,0.0905
G,228,C,0.0983
G,228,D,0.1032
G,228,E,0.1181
G,228,F,0.2029
G,228,H,0.1482
G,228,I,0.1282
G,228,K,0.1862
G,228,L,0.1503
G,228,M,0.238
G,228,N,0.1463
G,228,P,0.1971
G,228,Q,0.1452
G,228,R,0.1341
G,228,S,0.0857
G,228,T,0.1071
G,228,V,0.0958
G,228,W,0.1617
G,228,Y,0.1569
S,229,A,0.0729
S,229,C,0.0716
S,229,D,0.1566
S,229,E,0.1966
S,229,F,0.095
S,229,G,0.073
S,229,H,0.1432
S,229,I,0.1036
S,229,K,0.2407
S,229,L,0.0841
S,229,M,0.1627
S,229,N,0.1061
S,229,P,0.0778
S,229,Q,0.2076
S,229,R,0.1889
S,229,T,0.0778
S,229,V,0.105
S,229,W,0.154
S,229,Y,0.0992
S,230,A,0.0681
S,230,C,0.0732
S,230,D,0.1419
S,230,E,0.1677
S,230,F,0.1201
S,230,G,0.0649
S,230,H,0.1276
S,230,I,0.1051
S,230,K,0.1841
S,230,L,0.0868
S,230,M,0.1583
S,230,N,0.0968
S,230,P,0.0817
S,230,Q,0.1695
S,230,R,0.1323
S,230,T,0.0694
S,230,V,0.1033
S,230,W,0.1464
S,230,Y,0.1116
D,231,A,0.0746
D,231,C,0.1622
D,231,E,0.0939
D,231,F,0.1616
D,231,G,0.0836
D,231,H,0.0887
D,231,I,0.1137
D,231,K,0.1237
D,231,L,0.1081
D,231,M,0.2343
D,231,N,0.0776
D,231,P,0.1509
D,231,Q,0.1084
D,231,R,0.1088
D,231,S,0.0708
D,231,T,0.0969
D,231,V,0.0826
D,231,W,0.3686
D,231,Y,0.0805
P,232,A,0.0582
P,232,C,0.1371
P,232,D,0.1378
P,232,E,0.1108
P,232,F,0.1212
P,232,G,0.1132
P,232,H,0.0741
P,232,I,0.0977
P,232,K,0.1089
P,232,L,0.0677
P,232,M,0.1318
P,232,N,0.1232
P,232,Q,0.0769
P,232,R,0.0734
P,232,S,0.0639
P,232,T,0.062
P,232,V,0.0806
P,232,W,0.2016
P,232,Y,0.1252
P,233,A,0.0575
P,233,C,0.1565
P,233,D,0.1509
P,233,E,0.1159
P,233,F,0.165
P,233,G,0.1184
P,233,H,0.0876
P,233,I,0.1299
P,233,K,0.1154
P,233,L,0.0808
P,233,M,0.1624
P,233,N,0.1402
P,233,Q,0.0815
P,233,R,0.079
P,233,S,0.0731
P,233,T,0.0717
P,233,V,0.0932
P,233,W,0.2378
P,233,Y,0.1599
T,234,A,0.054
T,234,C,0.1439
T,234,D,0.1311
T,234,E,0.1232
T,234,F,0.1026
T,234,G,0.0924
T,234,H,0.1078
T,234,I,0.0834
T,234,K,0.1044
T,234,L,0.0666
T,234,M,0.0908
T,234,N,0.0816
T,234,P,0.0617
T,234,Q,0.1093
T,234,R,0.0816
T,234,S,0.0687
T,234,V,0.0731
T,234,W,0.2194
T,234,Y,0.1145
S,235,A,0.0636
S,235,C,0.0886
S,235,D,0.1734
S,235,E,0.1864
S,235,F,0.1161
S,235,G,0.0774
S,235,H,0.1518
S,235,I,0.1198
S,235,K,0.2299
S,235,L,0.0844
S,235,M,0.158
S,235,N,0.1209
S,235,P,0.0759
S,235,Q,0.2017
S,235,R,0.1886
S,235,T,0.0727
S,235,V,0.104
S,235,W,0.1742
S,235,Y,0.1173
A,236,C,0.1735
A,236,D,0.1213
A,236,E,0.1292
A,236,F,0.1439
A,236,G,0.0868
A,236,H,0.174
A,236,I,0.1292
A,236,K,0.1768
A,236,L,0.1023
A,236,M,0.1595
A,236,N,0.141
A,236,P,0.0805
A,236,Q,0.1474
A,236,R,0.1369
A,236,S,0.0749
A,236,T,0.0723
A,236,V,0.0851
A,236,W,0.2935
A,236,Y,0.1733
S,237,A,0.0764
S,237,C,0.0815
S,237,D,0.1822
S,237,E,0.2155
S,237,F,0.1132
S,237,G,0.0804
S,237,H,0.1659
S,237,I,0.1344
S,237,K,0.2866
S,237,L,0.0953
S,237,M,0.1923
S,237,N,0.1154
S,237,P,0.0785
S,237,Q,0.227
S,237,R,0.2204
S,237,T,0.0851
S,237,V,0.1289
S,237,W,0.1582
S,237,Y,0.1121
Q,238,A,0.0891
Q,238,C,0.2478
Q,238,D,0.1255
Q,238,E,0.0662
Q,238,F,0.3132
Q,238,G,0.1049
Q,238,H,0.1031
Q,238,I,0.1873
Q,238,K,0.0706
Q,238,L,0.0931
Q,238,M,0.2083
Q,238,N,0.132
Q,238,P,0.0643
Q,238,R,0.0638
Q,238,S,0.0944
Q,238,T,0.0971
Q,238,V,0.1238
Q,238,W,0.2018
Q,238,Y,0.1934
V,239,A,0.0843
V,239,C,0.347
V,239,D,0.1066
V,239,E,0.1221
V,239,F,0.0892
V,239,G,0.0853
V,239,H,0.2205
V,239,I,0.0835
V,239,K,0.1427
V,239,L,0.1114
V,239,M,0.1136
V,239,N,0.1191
V,239,P,0.1476
V,239,Q,0.1507
V,239,R,0.1208
V,239,S,0.1051
V,239,T,0.1092
V,239,W,0.3637
V,239,Y,0.22
A,240,C,0.2261
A,240,D,0.1324
A,240,E,0.1325
A,240,F,0.214
A,240,G,0.0886
A,240,H,0.2309
A,240,I,0.1901
A,240,K,0.192
A,240,L,0.1272
A,240,M,0.1815
A,240,N,0.1583
A,240,P,0.0933
A,240,Q,0.1738
A,240,R,0.1554
A,240,S,0.0787
A,240,T,0.0777
A,240,V,0.1083
A,240,W,0.3417
A,240,Y,0.2578
E,241,A,0.1034
E,241,C,0.4534
E,241,D,0.0861
E,241,F,0.4608
E,241,G,0.0734
E,241,H,0.2261
E,241,I,0.2996
E,241,K,0.1022
E,241,L,0.2615
E,241,M,0.3192
E,241,N,0.1375
E,241,P,0.2022
E,241,Q,0.1021
E,241,R,0.1319
E,241,S,0.1119
E,241,T,0.1419
E,241,V,0.1833
E,241,W,0.5648
E,241,Y,0.3399
I,242,A,0.1604
I,242,C,0.2823
I,242,D,0.2163
I,242,E,0.2164
I,242,F,0.0994
I,242,G,0.2501
I,242,H,0.2181
I,242,K,0.173
I,242,L,0.0951
I,242,M,0.0821
I,242,N,0.0905
I,242,P,0.2907
I,242,Q,0.199
I,242,R,0.1307
I,242,S,0.1309
I,242,T,0.1362
I,242,V,0.082
I,242,W,0.3602
I,242,Y,0.1911
I,243,A,0.0905
I,243,C,0.2609
I,243,D,0.23
I,243,E,0.215
I,243,F,0.0875
I,243,G,0.237
I,243,H,0.1785
I,243,K,0.1614
I,243,L,0.0853
I,243,M,0.0796
I,243,N,0.1133
I,243,P,0.1735
I,243,Q,0.1718
I,243,R,0.1078
I,243,S,0.0997
I,243,T,0.0697
I,243,V,0.0678
I,243,W,0.3409
I,243,Y,0.2219
V,244,A,0.1739
V,244,C,0.4411
V,244,D,0.2388
V,244,E,0.2121
V,244,F,0.1181
V,244,G,0.1456
V,244,H,0.398
V,244,I,0.0843
V,244,K,0.2571
V,244,L,0.1212
V,244,M,0.1434
V,244,N,0.235
V,244,P,0.2515
V,244,Q,0.2274
V,244,R,0.1975
V,244,S,0.1893
V,244,T,0.1912
V,244,W,0.5105
V,244,Y,0.3455
N,245,A,0.4636
N,245,C,0.3796
N,245,D,0.3602
N,245,E,0.7105
N,245,F,0.7424
N,245,G,0.4661
N,245,H,0.2722
N,245,I,0.4959
N,245,K,0.7032
N,245,L,0.4688
N,245,M,0.6628
N,245,P,0.4879
N,245,Q,0.6537
N,245,R,0.6084
N,245,S,0.1624
N,245,T,0.3004
N,245,V,0.4638
N,245,W,0.8598
N,245,Y,0.3394
S,246,A,0.0799
S,246,C,0.0919
S,246,D,0.3677
S,246,E,0.4036
S,246,F,0.1969
S,246,G,0.0937
S,246,H,0.3237
S,246,I,0.1624
S,246,K,0.5255
S,246,L,0.0929
S,246,M,0.2097
S,246,N,0.1762
S,246,P,0.2632
S,246,Q,0.4239
S,246,R,0.4262
S,246,T,0.0729
S,246,V,0.1577
S,246,W,0.2639
S,246,Y,0.1751
G,247,A,0.3832
G,247,C,0.4883
G,247,D,0.6872
G,247,E,0.6792
G,247,F,0.8608
G,247,H,0.811
G,247,I,0.7921
G,247,K,0.7643
G,247,L,0.8206
G,247,M,0.8542
G,247,N,0.7573
G,247,P,0.9312
G,247,Q,0.704
G,247,R,0.5625
G,247,S,0.3122
G,247,T,0.5477
G,247,V,0.6488
G,247,W,0.7012
G,247,Y,0.7995
D,248,A,0.5081
D,248,C,0.7778
D,248,E,0.4912
D,248,F,0.8119
D,248,G,0.4519
D,248,H,0.6767
D,248,I,0.7682
D,248,K,0.7916
D,248,L,0.7451
D,248,M,0.8935
D,248,N,0.3589
D,248,P,0.9012
D,248,Q,0.7598
D,248,R,0.7335
D,248,S,0.4228
D,248,T,0.6523
D,248,V,0.5876
D,248,W,0.9187
D,248,Y,0.4859
G,249,A,0.1597
G,249,C,0.2355
G,249,D,0.396
G,249,E,0.3479
G,249,F,0.6529
G,249,H,0.5589
G,249,I,0.43
G,249,K,0.5525
G,249,L,0.584
G,249,M,0.5944
G,249,N,0.4725
G,249,P,0.9467
G,249,Q,0.4556
G,249,R,0.3576
G,249,S,0.1594
G,249,T,0.2954
G,249,V,0.3067
G,249,W,0.5283
G,249,Y,0.5165
I,250,A,0.7622
I,250,C,0.9103
I,250,D,0.9428
I,250,E,0.8806
I,250,F,0.3627
I,250,G,0.9236
I,250,H,0.9092
I,250,K,0.8376
I,250,L,0.3171
I,250,M,0.1959
I,250,N,0.7818
I,250,P,0.9343
I,250,Q,0.8499
I,250,R,0.7311
I,250,S,0.7621
I,250,T,0.6468
I,250,V,0.2351
I,250,W,0.8429
I,250,Y,0.804
D,251,A,0.3894
D,251,C,0.6688
D,251,E,0.3543
D,251,F,0.6646
D,251,G,0.5251
D,251,H,0.4947
D,251,I,0.5079
D,251,K,0.7802
D,251,L,0.5313
D,251,M,0.8131
D,251,N,0.2769
D,251,P,0.8755
D,251,Q,0.6387
D,251,R,0.6766
D,251,S,0.323
D,251,T,0.5704
D,251,V,0.3271
D,251,W,0.8988
D,251,Y,0.2728
Y,252,A,0.9052
Y,252,C,0.5587
Y,252,D,0.7923
Y,252,E,0.9624
Y,252,F,0.235
Y,252,G,0.8097
Y,252,H,0.8154
Y,252,I,0.8723
Y,252,K,0.9619
Y,252,L,0.7851
Y,252,M,0.9192
Y,252,N,0.7385
Y,252,P,0.9294
Y,252,Q,0.9599
Y,252,R,0.892
Y,252,S,0.7305
Y,252,T,0.8856
Y,252,V,0.7614
Y,252,W,0.7314
S,253,A,0.1254
S,253,C,0.1649
S,253,D,0.7404
S,253,E,0.7826
S,253,F,0.4803
S,253,G,0.1264
S,253,H,0.5675
S,253,I,0.5984
S,253,K,0.8898
S,253,L,0.2845
S,253,M,0.5146
S,253,N,0.4765
S,253,P,0.7342
S,253,Q,0.7137
S,253,R,0.7767
S,253,T,0.1754
S,253,V,0.528
S,253,W,0.5488
S,253,Y,0.4096
Q,254,A,0.5487
Q,254,C,0.9372
Q,254,D,0.8901
Q,254,E,0.3254
Q,254,F,0.9271
Q,254,G,0.6074
Q,254,H,0.831
Q,254,I,0.8334
Q,254,K,0.5422
Q,254,L,0.571
Q,254,M,0.7511
Q,254,N,0.7914
Q,254,P,0.6645
Q,254,R,0.4993
Q,254,S,0.6233
Q,254,T,0.64
Q,254,V,0.6854
Q,254,W,0.9132
Q,254,Y,0.9072
Q,255,A,0.426
Q,255,C,0.7458
Q,255,D,0.7642
Q,255,E,0.2026
Q,255,F,0.7723
Q,255,G,0.412
Q,255,H,0.4017
Q,255,I,0.6334
Q,255,K,0.2059
Q,255,L,0.2939
Q,255,M,0.51
Q,255,N,0.5432
Q,255,P,0.5448
Q,255,R,0.1785
Q,255,S,0.5319
Q,255,T,0.4908
Q,255,V,0.4465
Q,255,W,0.5798
Q,255,Y,0.5641
K,256,A,0.746
K,256,C,0.8045
K,256,D,0.8147
K,256,E,0.482
K,256,F,0.9167
K,256,G,0.6651
K,256,H,0.4916
K,256,I,0.7576
K,256,L,0.6617
K,256,M,0.5954
K,256,N,0.6994
K,256,P,0.8979
K,256,Q,0.2682
K,256,R,0.0943
K,256,S,0.7888
K,256,T,0.5777
K,256,V,0.7
K,256,W,0.853
K,256,Y,0.7569
R,257,A,0.6568
R,257,C,0.369
R,257,D,0.7659
R,257,E,0.5049
R,257,F,0.7959
R,257,G,0.3226
R,257,H,0.2228
R,257,I,0.6807
R,257,K,0.1878
R,257,L,0.5223
R,257,M,0.5744
R,257,N,0.7215
R,257,P,0.8735
R,257,Q,0.1824
R,257,S,0.7353
R,257,T,0.5733
R,257,V,0.7108
R,257,W,0.3366
R,257,Y,0.5841
E,258,A,0.4674
E,258,C,0.8975
E,258,D,0.5214
E,258,F,0.9386
E,258,G,0.3784
E,258,H,0.8495
E,258,I,0.7767
E,258,K,0.4842
E,258,L,0.7687
E,258,M,0.7643
E,258,N,0.7299
E,258,P,0.9517
E,258,Q,0.2467
E,258,R,0.5767
E,258,S,0.6191
E,258,T,0.6466
E,258,V,0.5626
E,258,W,0.9618
E,258,Y,0.883
N,259,A,0.8558
N,259,C,0.599
N,259,D,0.5164
N,259,E,0.9142
N,259,F,0.9436
N,259,G,0.844
N,259,H,0.5705
N,259,I,0.7202
N,259,K,0.912
N,259,L,0.846
N,259,M,0.8366
N,259,P,0.9701
N,259,Q,0.9096
N,259,R,0.8875
N,259,S,0.4658
N,259,T,0.5821
N,259,V,0.6861
N,259,W,0.9682
N,259,Y,0.6043
I,260,A,0.3547
I,260,C,0.836
I,260,D,0.9643
I,260,E,0.9253
I,260,F,0.5342
I,260,G,0.8993
I,260,H,0.9457
I,260,K,0.8879
I,260,L,0.1916
I,260,M,0.2083
I,260,N,0.8546
I,260,P,0.7498
I,260,Q,0.9119
I,260,R,0.8316
I,260,S,0.6394
I,260,T,0.1672
I,260,V,0.0618
I,260,W,0.9525
I,260,Y,0.9025
G,261,A,0.3912
G,261,C,0.8051
G,261,D,0.9688
G,261,E,0.947
G,261,F,0.9852
G,261,H,0.9809
G,261,I,0.9744
G,261,K,0.9757
G,261,L,0.9765
G,261,M,0.9837
G,261,N,0.9652
G,261,P,0.9832
G,261,Q,0.9508
G,261,R,0.9191
G,261,S,0.4832
G,261,T,0.8788
G,261,V,0.9339
G,261,W,0.9564
G,261,Y,0.9767
D,262,A,0.5476
D,262,C,0.8138
D,262,E,0.4939
D,262,F,0.7894
D,262,G,0.679
D,262,H,0.7016
D,262,I,0.541
D,262,K,0.846
D,262,L,0.6796
D,262,M,0.8427
D,262,N,0.4102
D,262,P,0.9805
D,262,Q,0.7759
D,262,R,0.8261
D,262,S,0.5359
D,262,T,0.6484
D,262,V,0.316
D,262,W,0.9458
D,262,Y,0.4194
L,263,A,0.8208
L,263,C,0.8896
L,263,D,0.9903
L,263,E,0.9538
L,263,F,0.8038
L,263,G,0.9594
L,263,H,0.9197
L,263,I,0.315
L,263,K,0.894
L,263,M,0.4277
L,263,N,0.9596
L,263,P,0.9947
L,263,Q,0.8569
L,263,R,0.809
L,263,S,0.9478
L,263,T,0.8227
L,263,V,0.2943
L,263,W,0.9266
L,263,Y,0.9393
I,264,A,0.9293
I,264,C,0.9571
I,264,D,0.9984
I,264,E,0.9911
I,264,F,0.9284
I,264,G,0.9911
I,264,H,0.9959
I,264,K,0.9913
I,264,L,0.5937
I,264,M,0.6337
I,264,N,0.9816
I,264,P,0.9962
I,264,Q,0.984
I,264,R,0.9813
I,264,S,0.9421
I,264,T,0.9166
I,264,V,0.1987
I,264,W,0.9961
I,264,Y,0.9904
Q,265,A,0.4073
Q,265,C,0.8461
Q,265,D,0.7092
Q,265,E,0.1073
Q,265,F,0.917
Q,265,G,0.4395
Q,265,H,0.6275
Q,265,I,0.7082
Q,265,K,0.2791
Q,265,L,0.3993
Q,265,M,0.5866
Q,265,N,0.5675
Q,265,P,0.9353
Q,265,R,0.239
Q,265,S,0.5114
Q,265,T,0.4339
Q,265,V,0.5258
Q,265,W,0.833
Q,265,Y,0.8347
E,266,A,0.7553
E,266,C,0.9767
E,266,D,0.7281
E,266,F,0.9908
E,266,G,0.7615
E,266,H,0.9589
E,266,I,0.97
E,266,K,0.8631
E,266,L,0.9609
E,266,M,0.9588
E,266,N,0.934
E,266,P,0.9984
E,266,Q,0.656
E,266,R,0.8799
E,266,S,0.8988
E,266,T,0.9263
E,266,V,0.906
E,266,W,0.9945
E,266,Y,0.9704
T,267,A,0.7919
T,267,C,0.915
T,267,D,0.9888
T,267,E,0.9896
T,267,F,0.9818
T,267,G,0.9174
T,267,H,0.9802
T,267,I,0.967
T,267,K,0.9898
T,267,L,0.9137
T,267,M,0.7914
T,267,N,0.9176
T,267,P,0.992
T,267,Q,0.9834
T,267,R,0.9877
T,267,S,0.7573
T,267,V,0.8216
T,267,W,0.996
T,267,Y,0.982
L,268,A,0.9482
L,268,C,0.953
L,268,D,0.9993
L,268,E,0.991
L,268,F,0.8946
L,268,G,0.9893
L,268,H,0.994
L,268,I,0.5918
L,268,K,0.9858
L,268,M,0.5549
L,268,N,0.9968
L,268,P,0.9961
L,268,Q,0.982
L,268,R,0.972
L,268,S,0.993
L,268,T,0.9692
L,268,V,0.6083
L,268,W,0.9752
L,268,Y,0.9872
E,269,A,0.4223
E,269,C,0.8976
E,269,D,0.8097
E,269,F,0.9417
E,269,G,0.5963
E,269,H,0.8452
E,269,I,0.8589
E,269,K,0.6687
E,269,L,0.8347
E,269,M,0.811
E,269,N,0.8796
E,269,P,0.9965
E,269,Q,0.3031
E,269,R,0.6775
E,269,S,0.7154
E,269,T,0.7542
E,269,V,0.6674
E,269,W,0.9759
E,269,Y,0.9089
A,270,C,0.3439
A,270,D,0.7056
A,270,E,0.5051
A,270,F,0.3716
A,270,G,0.3402
A,270,H,0.6522
A,270,I,0.1917
A,270,K,0.7853
A,270,L,0.1528
A,270,M,0.1741
A,270,N,0.4812
A,270,P,0.9895
A,270,Q,0.535
A,270,R,0.685
A,270,S,0.1715
A,270,T,0.1252
A,270,V,0.1109
A,270,W,0.8162
A,270,Y,0.5258
F,271,A,0.9353
F,271,C,0.8404
F,271,D,0.9975
F,271,E,0.9955
F,271,G,0.9851
F,271,H,0.9916
F,271,I,0.7021
F,271,K,0.9966
F,271,L,0.7493
F,271,M,0.5963
F,271,N,0.9938
F,271,P,0.9994
F,271,Q,0.9925
F,271,R,0.9918
F,271,S,0.9762
F,271,T,0.9712
F,271,V,0.7276
F,271,W,0.8822
F,271,Y,0.7614
E,272,A,0.9521
E,272,C,0.9777
E,272,D,0.9907
E,272,F,0.9985
E,272,G,0.9564
E,272,H,0.9919
E,272,I,0.9911
E,272,K,0.9743
E,272,L,0.9876
E,272,M,0.9948
E,272,N,0.9974
E,272,P,0.9974
E,272,Q,0.8851
E,272,R,0.9564
E,272,S,0.982
E,272,T,0.99
E,272,V,0.9735
E,272,W,0.9989
E,272,Y,0.997
R,273,A,0.4693
R,273,C,0.1946
R,273,D,0.7807
R,273,E,0.3755
R,273,F,0.5727
R,273,G,0.451
R,273,H,0.1542
R,273,I,0.2313
R,273,K,0.1231
R,273,L,0.2377
R,273,M,0.2817
R,273,N,0.6237
R,273,P,0.9802
R,273,Q,0.123
R,273,S,0.5998
R,273,T,0.3021
R,273,V,0.3373
R,273,W,0.297
R,273,Y,0.4099
Y,274,A,0.4253
Y,274,C,0.0939
Y,274,D,0.3961
Y,274,E,0.5492
Y,274,F,0.0979
Y,274,G,0.3332
Y,274,H,0.118
Y,274,I,0.5777
Y,274,K,0.5257
Y,274,L,0.4956
Y,274,M,0.6589
Y,274,N,0.1782
Y,274,P,0.9627
Y,274,Q,0.3986
Y,274,R,0.3061
Y,274,S,0.211
Y,274,T,0.3592
Y,274,V,0.4178
Y,274,W,0.3795
G,275,A,0.7667
G,275,C,0.9149
G,275,D,0.9749
G,275,E,0.9818
G,275,F,0.9928
G,275,H,0.9933
G,275,I,0.987
G,275,K,0.9938
G,275,L,0.9841
G,275,M,0.9937
G,275,N,0.9885
G,275,P,0.9976
G,275,Q,0.9871
G,275,R,0.9758
G,275,S,0.8207
G,275,T,0.9619
G,275,V,0.9691
G,275,W,0.9865
G,275,Y,0.9921
G,276,A,0.782
G,276,C,0.8273
G,276,D,0.749
G,276,E,0.8528
G,276,F,0.9775
G,276,H,0.9603
G,276,I,0.9704
G,276,K,0.9513
G,276,L,0.961
G,276,M,0.972
G,276,N,0.8812
G,276,P,0.9924
G,276,Q,0.9312
G,276,R,0.9126
G,276,S,0.5506
G,276,T,0.8778
G,276,V,0.9437
G,276,W,0.9375
G,276,Y,0.9658
E,277,A,0.2737
E,277,C,0.8566
E,277,D,0.1795
E,277,F,0.8617
E,277,G,0.271
E,277,H,0.6007
E,277,I,0.5554
E,277,K,0.1748
E,277,L,0.6199
E,277,M,0.6658
E,277,N,0.4074
E,277,P,0.4026
E,277,Q,0.2035
E,277,R,0.2608
E,277,S,0.3429
E,277,T,0.4285
E,277,V,0.3692
E,277,W,0.9086
E,277,Y,0.7392
N,278,A,0.2503
N,278,C,0.3879
N,278,D,0.0592
N,278,E,0.2574
N,278,F,0.572
N,278,G,0.3575
N,278,H,0.152
N,278,I,0.3555
N,278,K,0.3922
N,278,L,0.3522
N,278,M,0.403
N,278,P,0.7179
N,278,Q,0.3736
N,278,R,0.4495
N,278,S,0.1308
N,278,T,0.1686
N,278,V,0.3013
N,278,W,0.7562
N,278,Y,0.1731
A,279,C,0.8804
A,279,D,0.971
A,279,E,0.9749
A,279,F,0.9858
A,279,G,0.5525
A,279,H,0.9855
A,279,I,0.9743
A,279,K,0.9948
A,279,L,0.947
A,279,M,0.9747
A,279,N,0.9637
A,279,P,0.9628
A,279,Q,0.9705
A,279,R,0.9697
A,279,S,0.2718
A,279,T,0.735
A,279,V,0.8797
A,279,W,0.997
A,279,Y,0.9884
F,280,A,0.7947
F,280,C,0.6154
F,280,D,0.9454
F,280,E,0.9403
F,280,G,0.9139
F,280,H,0.7889
F,280,I,0.6704
F,280,K,0.9376
F,280,L,0.9198
F,280,M,0.813
F,280,N,0.8837
F,280,P,0.9926
F,280,Q,0.9173
F,280,R,0.8418
F,280,S,0.777
F,280,T,0.8944
F,280,V,0.5874
F,280,W,0.5632
F,280,Y,0.1244
I,281,A,0.584
I,281,C,0.6523
I,281,D,0.8693
I,281,E,0.6971
I,281,F,0.3173
I,281,G,0.8194
I,281,H,0.6986
I,281,K,0.5506
I,281,L,0.1526
I,281,M,0.1892
I,281,N,0.5793
I,281,P,0.8721
I,281,Q,0.5427
I,281,R,0.3697
I,281,S,0.5447
I,281,T,0.5173
I,281,V,0.1259
I,281,W,0.7539
I,281,Y,0.6381
N,282,A,0.5787
N,282,C,0.478
N,282,D,0.5772
N,282,E,0.8344
N,282,F,0.8194
N,282,G,0.7041
N,282,H,0.2329
N,282,I,0.6485
N,282,K,0.8756
N,282,L,0.5555
N,282,M,0.6998
N,282,P,0.9386
N,282,Q,0.7134
N,282,R,0.7982
N,282,S,0.1887
N,282,T,0.4294
N,282,V,0.627
N,282,W,0.8942
N,282,Y,0.3701
I,283,A,0.9842
I,283,C,0.9913
I,283,D,0.9979
I,283,E,0.9919
I,283,F,0.8993
I,283,G,0.9958
I,283,H,0.9966
I,283,K,0.9878
I,283,L,0.5545
I,283,M,0.5495
I,283,N,0.9805
I,283,P,0.9977
I,283,Q,0.9898
I,283,R,0.9796
I,283,S,0.9808
I,283,T,0.9792
I,283,V,0.5553
I,283,W,0.9951
I,283,Y,0.982
K,284,A,0.9261
K,284,C,0.9064
K,284,D,0.9891
K,284,E,0.9015
K,284,F,0.992
K,284,G,0.9577
K,284,H,0.8311
K,284,I,0.946
K,284,L,0.9065
K,284,M,0.8649
K,284,N,0.9626
K,284,P,0.9928
K,284,Q,0.5308
K,284,R,0.1583
K,284,S,0.9405
K,284,T,0.8134
K,284,V,0.9152
K,284,W,0.984
K,284,Y,0.9663
Y,285,A,0.7828
Y,285,C,0.6007
Y,285,D,0.751
Y,285,E,0.9074
Y,285,F,0.3346
Y,285,G,0.7444
Y,285,H,0.7604
Y,285,I,0.8692
Y,285,K,0.9286
Y,285,L,0.7538
Y,285,M,0.8288
Y,285,N,0.5276
Y,285,P,0.993
Y,285,Q,0.9027
Y,285,R,0.8676
Y,285,S,0.651
Y,285,T,0.8199
Y,285,V,0.7506
Y,285,W,0.7691
V,286,A,0.4183
V,286,C,0.5859
V,286,D,0.9144
V,286,E,0.7074
V,286,F,0.3278
V,286,G,0.6332
V,286,H,0.8401
V,286,I,0.1513
V,286,K,0.8153
V,286,L,0.2155
V,286,M,0.1024
V,286,N,0.7657
V,286,P,0.9859
V,286,Q,0.5222
V,286,R,0.6753
V,286,S,0.5267
V,286,T,0.4469
V,286,W,0.8896
V,286,Y,0.7618
V,287,A,0.9492
V,287,C,0.9568
V,287,D,0.9911
V,287,E,0.9812
V,287,F,0.8341
V,287,G,0.9743
V,287,H,0.9929
V,287,I,0.0836
V,287,K,0.9885
V,287,L,0.6856
V,287,M,0.8118
V,287,N,0.9765
V,287,P,0.9872
V,287,Q,0.9832
V,287,R,0.9783
V,287,S,0.9514
V,287,T,0.9422
V,287,W,0.9949
V,287,Y,0.9818
P,288,A,0.7829
P,288,C,0.9746
P,288,D,0.9813
P,288,E,0.9672
P,288,F,0.9934
P,288,G,0.937
P,288,H,0.9477
P,288,I,0.9878
P,288,K,0.9682
P,288,L,0.9148
P,288,M,0.9839
P,288,N,0.9795
P,288,Q,0.9318
P,288,R,0.8956
P,288,S,0.9065
P,288,T,0.9299
P,288,V,0.9612
P,288,W,0.9937
P,288,Y,0.9875
T,289,A,0.2603
T,289,C,0.7076
T,289,D,0.8295
T,289,E,0.8219
T,289,F,0.8095
T,289,G,0.5043
T,289,H,0.7938
T,289,I,0.7819
T,289,K,0.8532
T,289,L,0.5629
T,289,M,0.4774
T,289,N,0.5575
T,289,P,0.6953
T,289,Q,0.73
T,289,R,0.7516
T,289,S,0.3268
T,289,V,0.53
T,289,W,0.9433
T,289,Y,0.8288
Y,290,A,0.9861
Y,290,C,0.9246
Y,290,D,0.9837
Y,290,E,0.9932
Y,290,F,0.5092
Y,290,G,0.9639
Y,290,H,0.9687
Y,290,I,0.9771
Y,290,K,0.9946
Y,290,L,0.9375
Y,290,M,0.9871
Y,290,N,0.97
Y,290,P,0.9922
Y,290,Q,0.9954
Y,290,R,0.9795
Y,290,S,0.9571
Y,290,T,0.9862
Y,290,V,0.9314
Y,290,W,0.7424
E,291,A,0.3621
E,291,C,0.8381
E,291,D,0.5075
E,291,F,0.8965
E,291,G,0.4819
E,291,H,0.6014
E,291,I,0.7008
E,291,K,0.2803
E,291,L,0.7786
E,291,M,0.74
E,291,N,0.632
E,291,P,0.9457
E,291,Q,0.1156
E,291,R,0.2909
E,291,S,0.3998
E,291,T,0.4182
E,291,V,0.4713
E,291,W,0.9382
E,291,Y,0.7953
S,292,A,0.5098
S,292,C,0.6569
S,292,D,0.8967
S,292,E,0.923
S,292,F,0.9503
S,292,G,0.4036
S,292,H,0.9054
S,292,I,0.9307
S,292,K,0.9774
S,292,L,0.8657
S,292,M,0.9009
S,292,N,0.8021
S,292,P,0.9039
S,292,Q,0.9483
S,292,R,0.9702
S,292,T,0.5264
S,292,V,0.9106
S,292,W,0.9014
S,292,Y,0.8381
C,293,A,0.6189
C,293,D,0.9018
C,293,E,0.9303
C,293,F,0.3598
C,293,G,0.474
C,293,H,0.7664
C,293,I,0.6996
C,293,K,0.9497
C,293,L,0.7132
C,293,M,0.844
C,293,N,0.8135
C,293,P,0.9235
C,293,Q,0.8636
C,293,R,0.7432
C,293,S,0.5298
C,293,T,0.7475
C,293,V,0.5596
C,293,W,0.748
C,293,Y,0.5762
L,294,A,0.3034
L,294,C,0.3686
L,294,D,0.6884
L,294,E,0.3973
L,294,F,0.1227
L,294,G,0.5552
L,294,H,0.2549
L,294,I,0.0883
L,294,K,0.3023
L,294,M,0.0937
L,294,N,0.4135
L,294,P,0.6905
L,294,Q,0.1724
L,294,R,0.2151
L,294,S,0.3322
L,294,T,0.2877
L,294,V,0.089
L,294,W,0.2324
L,294,Y,0.292
L,295,A,0.2332
L,295,C,0.3533
L,295,D,0.5349
L,295,E,0.279
L,295,F,0.1306
L,295,G,0.3869
L,295,H,0.2172
L,295,I,0.1174
L,295,K,0.207
L,295,M,0.1237
L,295,N,0.3202
L,295,P,0.3514
L,295,Q,0.1237
L,295,R,0.1504
L,295,S,0.2623
L,295,T,0.2343
L,295,V,0.1117
L,295,W,0.1961
L,295,Y,0.285
N,296,A,0.3477
N,296,C,0.3065
N,296,D,0.1958
N,296,E,0.3583
N,296,F,0.6216
N,296,G,0.2637
N,296,H,0.1259
N,296,I,0.4878
N,296,K,0.4001
N,296,L,0.3268
N,296,M,0.5202
N,296,P,0.3843
N,296,Q,0.3049
N,296,R,0.3244
N,296,S,0.0957
N,296,T,0.1919
N,296,V,0.388
N,296,W,0.7172
N,296,Y,0.2235
